rank_full,rank_capped,axis,tier_v2,interfaces,nerve_side,immune,full_best_mag,capped_best_mag,full_n_rows,capped_n_rows,min_pval,agents_flagged,glioma_trials,withdrawn,selection_arm,qc_filter_applied,compartment_side
1,1,APP|CD74,1_approved_available,"immune-nerve,immune-tumor",oligodendrocyte,"dendritic,microglia,nk_cell,t_cell,tam",4.619457805542283e-09,5.5847742865712825e-08,62,70,0.0,APP: ADUCANUMAB [black-box]; DONANEMAB; LECANEMAB [black-box] | CD74: [clinical] MILATUZUMAB,,,full,True,oligodendrocyte (QC-passing)
10,11,FGFR2|TIMP1,1_approved_available,"immune-nerve,nerve-tumor",oligodendrocyte,"dendritic,microglia,tam",5.7849328701176e-05,0.0001364923699435,22,26,0.0,FGFR2: PALIFERMIN; PEMIGATINIB; REGORAFENIB [black-box]; TRAFERMIN,"pemigatinib (1: NCT05267106) | regorafenib (8: NCT06095375, NCT04704154, NCT04051606)",,full,True,oligodendrocyte (QC-passing)
14,21,EGFR|S100A4,1_approved_available,"immune-nerve,immune-tumor",oligodendrocyte,"dendritic,nk_cell,t_cell,tam",0.0002563721013351,0.0003581659520125,8,7,0.0,EGFR: AFATINIB DIMALEATE; BRIGATINIB; CETUXIMAB [black-box]; DACOMITINIB; DACOMITINIB ANHYDROUS; ERLOTINIB HYDROCHLORIDE; GEFITINIB; LAPATINIB DITOSYLATE [black-box]; NECITUMUMAB [black-box]; NERATINIB; NERATINIB MALEATE; OLMUTINIB; OSIMERTINIB; OSIMERTINIB MESYLATE; PANITUMUMAB [black-box],"afatinib (6: NCT00977431, NCT02465060, NCT00727506) | depatuxizumab (6: NCT02365662, NCT03419403, NCT01800695)",,full,True,oligodendrocyte (QC-passing)
19,23,CXCR4|HMGB1,1_approved_available,"immune-nerve,immune-tumor",oligodendrocyte,"dendritic,microglia,nk_cell,t_cell,tam",0.0003975203882372,0.0004628155636738,48,57,0.0,CXCR4: MAVORIXAFOR; PLERIXAFOR | HMGB1: [clinical] CD24FC,"plerixafor (4: NCT00669669, NCT03746080, NCT01339039)",,full,True,oligodendrocyte (QC-passing)
22,45,C5AR1|RPS19,1_approved_available,"immune-nerve,immune-tumor",oligodendrocyte,"microglia,tam",0.0005469741124219,0.0029885911499193,7,7,0.0,C5AR1: AVACOPAN,,,full,True,oligodendrocyte (QC-passing)
23,14,CD74_CXCR4|MIF,1_approved_available,"immune-nerve,immune-tumor",oligodendrocyte,"dendritic,microglia,nk_cell,t_cell,tam",0.0006632311580828,0.0002746096874003,25,28,0.0,CD74: [clinical] MILATUZUMAB | CXCR4: MAVORIXAFOR; PLERIXAFOR | MIF: [clinical] IGURATIMOD; IMALUMAB,"plerixafor (4: NCT00669669, NCT03746080, NCT01339039)",,full,True,oligodendrocyte (QC-passing)
26,42,EGFR|VCAN,1_approved_available,"immune-nerve,immune-tumor,nerve-tumor",oligodendrocyte,tam,0.0011279637904067,0.0027755453325491,4,3,0.0,EGFR: AFATINIB DIMALEATE; BRIGATINIB; CETUXIMAB [black-box]; DACOMITINIB; DACOMITINIB ANHYDROUS; ERLOTINIB HYDROCHLORIDE; GEFITINIB; LAPATINIB DITOSYLATE [black-box]; NECITUMUMAB [black-box]; NERATINIB; NERATINIB MALEATE; OLMUTINIB; OSIMERTINIB; OSIMERTINIB MESYLATE; PANITUMUMAB [black-box],"afatinib (6: NCT00977431, NCT02465060, NCT00727506) | depatuxizumab (6: NCT02365662, NCT03419403, NCT01800695)",,full,True,oligodendrocyte (QC-passing)
39,63,INSR|NAMPT,1_approved_available,immune-nerve,oligodendrocyte,"microglia,tam",0.0032870620410487,0.0045153716758768,11,11,0.0,"INSR: INSULIN ASPART; INSULIN ASPART PROTAMINE RECOMBINANT; INSULIN DEGLUDEC; INSULIN DETEMIR; INSULIN GLARGINE; INSULIN GLULISINE; INSULIN HUMAN [black-box]; INSULIN HUMAN ZINC; INSULIN HUMAN, ISOPHANE; INSULIN ICODEC; INSULIN LISPRO; INSULIN LISPRO PROTAMINE RECOMBINANT; INSULIN PORK; INSULIN PURIFIED BEEF; INSULIN PURIFIED PORK; INSULIN SUSP ISOPHANE BEEF; INSULIN SUSP ISOPHANE RECOMBINANT HUMAN; INSULIN SUSP ISOPHANE SEMISYNTHETIC PURIFIED HUMAN; INSULIN ZINC SUSP RECOMBINANT HUMAN; INSULIN, NEUTRAL; INSULIN, PROTAMINE ZINC | NAMPT: [clinical] DAPORINAD; TEGLARINAD CHLORIDE",,,full,True,oligodendrocyte (QC-passing)
42,37,EGFR|MIF,1_approved_available,"immune-tumor,nerve-tumor",oligodendrocyte,"t_cell,tam",0.0035457682417462,0.002177701245874,7,8,0.0,EGFR: AFATINIB DIMALEATE; BRIGATINIB; CETUXIMAB [black-box]; DACOMITINIB; DACOMITINIB ANHYDROUS; ERLOTINIB HYDROCHLORIDE; GEFITINIB; LAPATINIB DITOSYLATE [black-box]; NECITUMUMAB [black-box]; NERATINIB; NERATINIB MALEATE; OLMUTINIB; OSIMERTINIB; OSIMERTINIB MESYLATE; PANITUMUMAB [black-box] | MIF: [clinical] IGURATIMOD; IMALUMAB,"afatinib (6: NCT00977431, NCT02465060, NCT00727506) | depatuxizumab (6: NCT02365662, NCT03419403, NCT01800695)",,full,True,oligodendrocyte (QC-passing)
43,55,FN1|MAG,1_approved_available,immune-nerve,oligodendrocyte,"microglia,tam",0.0037481895169293,0.0035274457008685,6,5,0.0,FN1: OCRIPLASMIN | MAG: [clinical] REFANEZUMAB,,,full,True,oligodendrocyte (QC-passing)
53,49,CALM1|INSR,1_approved_available,"immune-nerve,nerve-tumor",oligodendrocyte,"dendritic,microglia,nk_cell,t_cell,tam",0.0052130727924438,0.0032691645730678,26,33,0.0,"CALM1: BENZIODARONE [WITHDRAWN]; PRENYLAMINE [WITHDRAWN] | INSR: INSULIN ASPART; INSULIN ASPART PROTAMINE RECOMBINANT; INSULIN DEGLUDEC; INSULIN DETEMIR; INSULIN GLARGINE; INSULIN GLULISINE; INSULIN HUMAN [black-box]; INSULIN HUMAN ZINC; INSULIN HUMAN, ISOPHANE; INSULIN ICODEC; INSULIN LISPRO; INSULIN LISPRO PROTAMINE RECOMBINANT; INSULIN PORK; INSULIN PURIFIED BEEF; INSULIN PURIFIED PORK; INSULIN SUSP ISOPHANE BEEF; INSULIN SUSP ISOPHANE RECOMBINANT HUMAN; INSULIN SUSP ISOPHANE SEMISYNTHETIC PURIFIED HUMAN; INSULIN ZINC SUSP RECOMBINANT HUMAN; INSULIN, NEUTRAL; INSULIN, PROTAMINE ZINC",,CALM1: BENZIODARONE; PRENYLAMINE,full,True,oligodendrocyte (QC-passing)
66,76,FGFR2|NCAM1,1_approved_available,"immune-nerve,nerve-tumor",oligodendrocyte,nk_cell,0.0079004250138895,0.0065178130971303,7,8,0.0,FGFR2: PALIFERMIN; PEMIGATINIB; REGORAFENIB [black-box]; TRAFERMIN | NCAM1: [clinical] LORVOTUZUMAB MERTANSINE; ONCOLYSIN S,"pemigatinib (1: NCT05267106) | regorafenib (8: NCT06095375, NCT04704154, NCT04051606)",,full,True,oligodendrocyte (QC-passing)
68,72,BCAN|EGFR,1_approved_available,nerve-tumor,oligodendrocyte,,0.0079954196140073,0.005579525173404,1,1,0.0,EGFR: AFATINIB DIMALEATE; BRIGATINIB; CETUXIMAB [black-box]; DACOMITINIB; DACOMITINIB ANHYDROUS; ERLOTINIB HYDROCHLORIDE; GEFITINIB; LAPATINIB DITOSYLATE [black-box]; NECITUMUMAB [black-box]; NERATINIB; NERATINIB MALEATE; OLMUTINIB; OSIMERTINIB; OSIMERTINIB MESYLATE; PANITUMUMAB [black-box],"afatinib (6: NCT00977431, NCT02465060, NCT00727506) | depatuxizumab (6: NCT02365662, NCT03419403, NCT01800695)",,full,True,oligodendrocyte (QC-passing)
69,83,CD22|PTPRC,1_approved_available,immune-nerve,oligodendrocyte,"nk_cell,t_cell",0.0082474215564512,0.0072782901340915,9,12,0.0,CD22: INOTUZUMAB OZOGAMICIN [black-box]; MOXETUMOMAB PASUDOTOX [black-box] | PTPRC: [clinical] AHN-12; BC8 131I,,,full,True,oligodendrocyte (QC-passing)
72,82,EGFR|GSTP1,1_approved_available,"immune-tumor,nerve-tumor",oligodendrocyte,"dendritic,nk_cell,tam",0.0084909808882929,0.0070721250815793,8,8,0.0,EGFR: AFATINIB DIMALEATE; BRIGATINIB; CETUXIMAB [black-box]; DACOMITINIB; DACOMITINIB ANHYDROUS; ERLOTINIB HYDROCHLORIDE; GEFITINIB; LAPATINIB DITOSYLATE [black-box]; NECITUMUMAB [black-box]; NERATINIB; NERATINIB MALEATE; OLMUTINIB; OSIMERTINIB; OSIMERTINIB MESYLATE; PANITUMUMAB [black-box] | GSTP1: [clinical] EZATIOSTAT HYDROCHLORIDE,"afatinib (6: NCT00977431, NCT02465060, NCT00727506) | depatuxizumab (6: NCT02365662, NCT03419403, NCT01800695)",,full,True,oligodendrocyte (QC-passing)
73,89,ANXA1|EGFR,1_approved_available,immune-tumor,—,"t_cell,tam",0.0090390069565569,0.0082051753236067,2,4,0.0,EGFR: AFATINIB DIMALEATE; BRIGATINIB; CETUXIMAB [black-box]; DACOMITINIB; DACOMITINIB ANHYDROUS; ERLOTINIB HYDROCHLORIDE; GEFITINIB; LAPATINIB DITOSYLATE [black-box]; NECITUMUMAB [black-box]; NERATINIB; NERATINIB MALEATE; OLMUTINIB; OSIMERTINIB; OSIMERTINIB MESYLATE; PANITUMUMAB [black-box],"afatinib (6: NCT00977431, NCT02465060, NCT00727506) | depatuxizumab (6: NCT02365662, NCT03419403, NCT01800695)",,full,True,oligodendrocyte (QC-passing)
84,94,GNAI2|IGF1R,1_approved_available,immune-nerve,oligodendrocyte,"dendritic,microglia,tam",0.0125584365900967,0.0109336553058989,3,4,0.0,IGF1R: MASOPROCOL; MECASERMIN; MECASERMIN RINFABATE; TEPROTUMUMAB,,,full,True,oligodendrocyte (QC-passing)
89,85,C3|CD81,1_approved_available,"immune-nerve,immune-tumor",oligodendrocyte,microglia,0.014164204241404,0.0078936000741727,6,7,0.0,C3: PEGCETACOPLAN [black-box],,,full,True,oligodendrocyte (QC-passing)
97,120,APP|LRP1,1_approved_available,"immune-nerve,nerve-tumor",oligodendrocyte,"microglia,tam",0.016671591698547,0.0228086253274811,15,14,0.0,APP: ADUCANUMAB [black-box]; DONANEMAB; LECANEMAB [black-box] | LRP1: [clinical] ANG1005,,,full,True,oligodendrocyte (QC-passing)
100,100,CD2|CD59,1_approved_available,immune-nerve,oligodendrocyte,t_cell,0.0179199294423693,0.0135960279656341,2,3,0.0,CD2: ALEFACEPT,,,full,True,oligodendrocyte (QC-passing)
101,78,EGFR|GRN,1_approved_available,immune-tumor,—,"dendritic,microglia,tam",0.0191571250608132,0.0066685101258878,3,3,0.0,EGFR: AFATINIB DIMALEATE; BRIGATINIB; CETUXIMAB [black-box]; DACOMITINIB; DACOMITINIB ANHYDROUS; ERLOTINIB HYDROCHLORIDE; GEFITINIB; LAPATINIB DITOSYLATE [black-box]; NECITUMUMAB [black-box]; NERATINIB; NERATINIB MALEATE; OLMUTINIB; OSIMERTINIB; OSIMERTINIB MESYLATE; PANITUMUMAB [black-box],"afatinib (6: NCT00977431, NCT02465060, NCT00727506) | depatuxizumab (6: NCT02365662, NCT03419403, NCT01800695)",,full,True,oligodendrocyte (QC-passing)
103,113,EGFR|GNAI2,1_approved_available,immune-tumor,—,tam,0.0196890109488365,0.0191705277806034,1,4,0.0,EGFR: AFATINIB DIMALEATE; BRIGATINIB; CETUXIMAB [black-box]; DACOMITINIB; DACOMITINIB ANHYDROUS; ERLOTINIB HYDROCHLORIDE; GEFITINIB; LAPATINIB DITOSYLATE [black-box]; NECITUMUMAB [black-box]; NERATINIB; NERATINIB MALEATE; OLMUTINIB; OSIMERTINIB; OSIMERTINIB MESYLATE; PANITUMUMAB [black-box],"afatinib (6: NCT00977431, NCT02465060, NCT00727506) | depatuxizumab (6: NCT02365662, NCT03419403, NCT01800695)",,full,True,oligodendrocyte (QC-passing)
108,115,NTRK3|PTPRD,1_approved_available,nerve-tumor,oligodendrocyte,,0.0224930663677481,0.0201974325428557,4,5,0.0,NTRK3: REPOTRECTINIB,repotrectinib (1: NCT04094610),,full,True,oligodendrocyte (QC-passing)
110,140,CD44|VEGFA,1_approved_available,"immune-nerve,immune-tumor",oligodendrocyte,tam,0.0243188675055214,0.0352544501858076,2,2,0.0,CD44: [clinical] BIVATUZUMAB; BIVATUZUMAB MERTANSINE | VEGFA: AFLIBERCEPT; BEVACIZUMAB; BEVACIZUMAB GAMMA; BROLUCIZUMAB; FARICIMAB; PEGAPTANIB SODIUM; RANIBIZUMAB [black-box],,,full,True,oligodendrocyte (QC-passing)
114,126,APP|DCC,1_approved_available,nerve-tumor,oligodendrocyte,,0.0287928241433691,0.0271232501615615,1,1,0.0,APP: ADUCANUMAB [black-box]; DONANEMAB; LECANEMAB [black-box],,,full,True,oligodendrocyte (QC-passing)
122,147,ADAM17|ERBB4,1_approved_available,immune-nerve,oligodendrocyte,"microglia,tam",0.0359069413493353,0.0420329995672546,2,2,0.0,ADAM17: [clinical] APRATASTAT | ERBB4: AFATINIB DIMALEATE; DACOMITINIB; DACOMITINIB ANHYDROUS; NERATINIB; NERATINIB MALEATE,"afatinib (6: NCT00977431, NCT02465060, NCT00727506) | neratinib (2: NCT04374305, NCT02977780)",,full,True,oligodendrocyte (QC-passing)
5,6,ABCA1|APOE,1b_approved_withdrawn_only,"immune-nerve,immune-tumor",oligodendrocyte,microglia,1.661522843637345e-05,2.0675242058355383e-05,12,14,0.0,ABCA1: PROBUCOL [WITHDRAWN],,ABCA1: PROBUCOL,full,True,oligodendrocyte (QC-passing)
21,17,CALM1|PDE1C,1b_approved_withdrawn_only,"immune-nerve,nerve-tumor",oligodendrocyte,"dendritic,microglia,nk_cell,t_cell,tam",0.0004533068168486,0.0003025987264373,38,41,0.0,CALM1: BENZIODARONE [WITHDRAWN]; PRENYLAMINE [WITHDRAWN],,CALM1: BENZIODARONE; PRENYLAMINE,full,True,oligodendrocyte (QC-passing)
38,34,CALM1|GRM3,1b_approved_withdrawn_only,"immune-nerve,nerve-tumor",oligodendrocyte,"dendritic,microglia,nk_cell,t_cell,tam",0.0031124713115573,0.0019493276665175,28,35,0.0,CALM1: BENZIODARONE [WITHDRAWN]; PRENYLAMINE [WITHDRAWN] | GRM3: [clinical] DECOGLURANT; LY2969822; LY404039; POMAGLUMETAD METHIONIL ANHYDROUS,,CALM1: BENZIODARONE; PRENYLAMINE,full,True,oligodendrocyte (QC-passing)
41,33,CALM1|PDE1A,1b_approved_withdrawn_only,"immune-nerve,nerve-tumor",oligodendrocyte,"dendritic,microglia,nk_cell,t_cell,tam",0.0035138949876071,0.0019390104511011,19,28,0.0,CALM1: BENZIODARONE [WITHDRAWN]; PRENYLAMINE [WITHDRAWN],pentoxifylline (1: NCT00019058),CALM1: BENZIODARONE; PRENYLAMINE,full,True,oligodendrocyte (QC-passing)
52,61,CALM1|PTPRA,1b_approved_withdrawn_only,"immune-nerve,immune-tumor,nerve-tumor",oligodendrocyte,"nk_cell,t_cell,tam",0.0043797820123982,0.0042305956122438,31,39,0.0,CALM1: BENZIODARONE [WITHDRAWN]; PRENYLAMINE [WITHDRAWN],,CALM1: BENZIODARONE; PRENYLAMINE,full,True,oligodendrocyte (QC-passing)
115,64,CALM1|RYR2,1b_approved_withdrawn_only,immune-nerve,oligodendrocyte,"nk_cell,t_cell",0.0296635019236569,0.0045624121458778,4,13,0.0,CALM1: BENZIODARONE [WITHDRAWN]; PRENYLAMINE [WITHDRAWN],,CALM1: BENZIODARONE; PRENYLAMINE,full,True,oligodendrocyte (QC-passing)
121,65,CALM1|KCNQ3,1b_approved_withdrawn_only,immune-nerve,oligodendrocyte,microglia,0.0355628955209276,0.004817344278012,1,8,0.0,CALM1: BENZIODARONE [WITHDRAWN]; PRENYLAMINE [WITHDRAWN],,CALM1: BENZIODARONE; PRENYLAMINE,full,True,oligodendrocyte (QC-passing)
4,3,CD44|SPP1,2_clinical,"immune-nerve,immune-tumor,nerve-tumor",oligodendrocyte,"dendritic,microglia,nk_cell,t_cell,tam",6.666768368713735e-06,1.0551643847009098e-05,45,48,0.0,CD44: [clinical] BIVATUZUMAB; BIVATUZUMAB MERTANSINE | SPP1: [clinical] ASK-8007,,,full,True,oligodendrocyte (QC-passing)
7,5,CD74|COPA,2_clinical,"immune-nerve,immune-tumor",oligodendrocyte,"dendritic,microglia,nk_cell,t_cell,tam",4.163141075587023e-05,1.6604011239969532e-05,48,59,0.0,CD74: [clinical] MILATUZUMAB,,,full,True,oligodendrocyte (QC-passing)
8,22,B2M|KLRC1,2_clinical,immune-nerve,oligodendrocyte,nk_cell,4.340145097558454e-05,0.0003693863025711,7,7,0.0,KLRC1: [clinical] MONALIZUMAB,,,full,True,oligodendrocyte (QC-passing)
9,9,NCAM1|PTPRZ1,2_clinical,"immune-nerve,immune-tumor,nerve-tumor",oligodendrocyte,nk_cell,4.705190943720082e-05,7.025458307534304e-05,15,16,0.0,NCAM1: [clinical] LORVOTUZUMAB MERTANSINE; ONCOLYSIN S,,,full,True,oligodendrocyte (QC-passing)
15,18,IL18|IL1RAPL1,2_clinical,immune-nerve,oligodendrocyte,"dendritic,microglia,tam",0.0003606392649525,0.0003025987264373,17,22,0.0,IL18: [clinical] CAMOTESKIMAB; GSK-1070806; TADEKINIG ALFA,,,full,True,oligodendrocyte (QC-passing)
18,16,NCAM1|NCAM2,2_clinical,"immune-nerve,nerve-tumor",oligodendrocyte,nk_cell,0.0003868005622212,0.0002864393566309,18,16,0.0,NCAM1: [clinical] LORVOTUZUMAB MERTANSINE; ONCOLYSIN S,,,full,True,oligodendrocyte (QC-passing)
20,29,ITGAV_ITGB1|SPP1,2_clinical,"immune-nerve,immune-tumor,nerve-tumor",oligodendrocyte,"microglia,tam",0.0004138735698954,0.0009446322225961,30,33,0.0,ITGAV: [clinical] IMGN-388 | SPP1: [clinical] ASK-8007,,,full,True,oligodendrocyte (QC-passing)
27,31,CD44_CD74|MIF,2_clinical,"immune-nerve,immune-tumor",oligodendrocyte,"dendritic,microglia,nk_cell,t_cell,tam",0.0012535933932002,0.0016468511036743,21,25,0.0,CD44: [clinical] BIVATUZUMAB; BIVATUZUMAB MERTANSINE | CD74: [clinical] MILATUZUMAB | MIF: [clinical] IGURATIMOD; IMALUMAB,,,full,True,oligodendrocyte (QC-passing)
29,41,ERBB3|S100A4,2_clinical,immune-nerve,oligodendrocyte,"dendritic,nk_cell,t_cell,tam",0.0015669491898124,0.0026178799961858,30,36,0.0,ERBB3: [clinical] AMG-888; AV-203; CDX-3379; DULIGOTUZUMAB; ELGEMTUMAB; ISTIRATUMAB; LUMRETUZUMAB; PATRITUMAB; PATRITUMAB DERUXTECAN; SAPITINIB; SERIBANTUMAB,,,full,True,oligodendrocyte (QC-passing)
30,38,APOE|LRP1,2_clinical,"immune-nerve,immune-tumor",oligodendrocyte,microglia,0.0018796997271974,0.0022270836153551,2,4,0.0,LRP1: [clinical] ANG1005,,,full,True,oligodendrocyte (QC-passing)
31,30,CD44|VIM,2_clinical,"immune-nerve,immune-tumor,nerve-tumor",oligodendrocyte,"dendritic,microglia,nk_cell,t_cell,tam",0.0019031162866107,0.0009957972729059,26,25,0.0,CD44: [clinical] BIVATUZUMAB; BIVATUZUMAB MERTANSINE | VIM: [clinical] PRITUMUMAB,,,full,True,oligodendrocyte (QC-passing)
33,35,ITGA4_ITGB1|SPP1,2_clinical,immune-nerve,oligodendrocyte,"dendritic,nk_cell,t_cell",0.0024879529346211,0.0021180890796496,19,17,0.0,ITGA4: [clinical] UCB-1184197 | SPP1: [clinical] ASK-8007,,,full,True,oligodendrocyte (QC-passing)
34,62,CD9|HBEGF,2_clinical,immune-nerve,oligodendrocyte,"microglia,tam",0.0026100785352185,0.0043219551425875,11,9,0.0,HBEGF: [clinical] KHK-2866,,,full,True,oligodendrocyte (QC-passing)
35,56,CD44|PSEN1,2_clinical,immune-nerve,oligodendrocyte,"dendritic,nk_cell,t_cell,tam",0.0026169485484017,0.0036180282721446,18,18,0.0,CD44: [clinical] BIVATUZUMAB; BIVATUZUMAB MERTANSINE,,,full,True,oligodendrocyte (QC-passing)
36,48,CD44|COL4A5,2_clinical,immune-nerve,oligodendrocyte,"dendritic,nk_cell,t_cell,tam",0.0027562122999132,0.0031240635272751,13,16,0.0,CD44: [clinical] BIVATUZUMAB; BIVATUZUMAB MERTANSINE,,,full,True,oligodendrocyte (QC-passing)
37,58,CD44|VCAN,2_clinical,"immune-nerve,immune-tumor",oligodendrocyte,"dendritic,nk_cell,t_cell,tam",0.0028057976867161,0.0039038412742835,9,8,0.0,CD44: [clinical] BIVATUZUMAB; BIVATUZUMAB MERTANSINE,,,full,True,oligodendrocyte (QC-passing)
40,39,ITGB1|LGALS1,2_clinical,"immune-nerve,immune-tumor",oligodendrocyte,"dendritic,microglia,tam",0.0033956351862497,0.0023671295827877,11,16,0.0,LGALS1: [clinical] DAVANAT,,,full,True,oligodendrocyte (QC-passing)
46,24,LGALS1|PTPRC,2_clinical,"immune-nerve,immune-tumor",oligodendrocyte,"dendritic,nk_cell,t_cell,tam",0.0039393072024775,0.0005893146471499,16,21,0.0,LGALS1: [clinical] DAVANAT | PTPRC: [clinical] AHN-12; BC8 131I,,,full,True,oligodendrocyte (QC-passing)
50,54,PTGER4|SPP1,2_clinical,immune-nerve,oligodendrocyte,"dendritic,microglia,nk_cell,t_cell",0.0042916033956903,0.003472266402377,24,24,0.0,PTGER4: [clinical] GRAPIPRANT; RIVENPROST; VORBIPIPRANT | SPP1: [clinical] ASK-8007,,,full,True,oligodendrocyte (QC-passing)
56,75,C1QB|LRP1,2_clinical,"immune-nerve,immune-tumor",oligodendrocyte,microglia,0.0053882857584204,0.006405898314604,2,4,0.0,LRP1: [clinical] ANG1005,,,full,True,oligodendrocyte (QC-passing)
60,69,HSPA8|LRP2,2_clinical,"immune-nerve,nerve-tumor",oligodendrocyte,"dendritic,microglia,nk_cell,t_cell,tam",0.0063388300754906,0.0054072980053116,13,18,0.0,HSPA8: [clinical] FORIGERIMOD ACETATE,,,full,True,oligodendrocyte (QC-passing)
70,88,NCAM1|PTPRA,2_clinical,"immune-nerve,nerve-tumor",oligodendrocyte,nk_cell,0.0084297659666221,0.0080694343108899,7,11,0.0,NCAM1: [clinical] LORVOTUZUMAB MERTANSINE; ONCOLYSIN S,,,full,True,oligodendrocyte (QC-passing)
74,87,EDIL3|ITGAV,2_clinical,"immune-nerve,nerve-tumor",oligodendrocyte,"microglia,tam",0.0092680273095534,0.0080071583647095,18,22,0.0,ITGAV: [clinical] IMGN-388,,,full,True,oligodendrocyte (QC-passing)
75,103,CD44|PKM,2_clinical,"immune-nerve,immune-tumor",oligodendrocyte,"t_cell,tam",0.0095907538092107,0.0149694108530336,6,6,0.0,CD44: [clinical] BIVATUZUMAB; BIVATUZUMAB MERTANSINE,,,full,True,oligodendrocyte (QC-passing)
76,90,LRP1|PSAP,2_clinical,"immune-nerve,immune-tumor,nerve-tumor",oligodendrocyte,"microglia,tam",0.0097213548717892,0.0089113961189253,16,15,0.0,LRP1: [clinical] ANG1005,,,full,True,oligodendrocyte (QC-passing)
78,66,TF|TFRC,2_clinical,immune-nerve,oligodendrocyte,"microglia,tam",0.0098001282352088,0.0051122887520858,16,20,0.0,TFRC: [clinical] A27.15,,,full,True,oligodendrocyte (QC-passing)
80,95,CD44|TIMP2,2_clinical,immune-nerve,oligodendrocyte,"t_cell,tam",0.0113840071819729,0.0131041637973359,8,6,0.0,CD44: [clinical] BIVATUZUMAB; BIVATUZUMAB MERTANSINE,,,full,True,oligodendrocyte (QC-passing)
81,96,ADAM10|CD44,2_clinical,immune-nerve,oligodendrocyte,"t_cell,tam",0.0115117247029563,0.0131173401912825,7,6,0.0,CD44: [clinical] BIVATUZUMAB; BIVATUZUMAB MERTANSINE,,,full,True,oligodendrocyte (QC-passing)
83,102,ITGA5_ITGB1|SPP1,2_clinical,immune-nerve,oligodendrocyte,tam,0.0122926014972905,0.0146896028946995,6,6,0.0,ITGA5: [clinical] PF-04605412 | SPP1: [clinical] ASK-8007,,,full,True,oligodendrocyte (QC-passing)
86,97,NCAM1|ROBO1,2_clinical,nerve-tumor,oligodendrocyte,,0.0128120427948836,0.0133423491116532,2,4,0.0,NCAM1: [clinical] LORVOTUZUMAB MERTANSINE; ONCOLYSIN S,,,full,True,oligodendrocyte (QC-passing)
91,36,CD69|LGALS1,2_clinical,"immune-nerve,immune-tumor",oligodendrocyte,"nk_cell,t_cell",0.0143536962070602,0.0021234744966655,9,13,0.0,LGALS1: [clinical] DAVANAT,,,full,True,oligodendrocyte (QC-passing)
94,116,PTPRZ1|TNC,2_clinical,nerve-tumor,oligodendrocyte,,0.0159635709458769,0.0204418527513845,1,2,0.0,TNC: [clinical] 81C6 131I; F16IL2; F16SIP 131I; TENATUMOMAB,,,full,True,oligodendrocyte (QC-passing)
95,122,HMGB1|THBD,2_clinical,"immune-nerve,immune-tumor",oligodendrocyte,tam,0.0162988669592937,0.0248671514468559,5,5,0.0,HMGB1: [clinical] CD24FC,,,full,True,oligodendrocyte (QC-passing)
99,119,CIRBP|TREM1,2_clinical,immune-nerve,oligodendrocyte,tam,0.0169795850231286,0.0217862172692341,4,4,0.0,TREM1: [clinical] NANGIBOTIDE,,,full,True,oligodendrocyte (QC-passing)
102,109,HAVCR2|HMGB1,2_clinical,"immune-nerve,immune-tumor",oligodendrocyte,"microglia,nk_cell,tam",0.019413018412356,0.0179693844314845,7,10,0.0,HAVCR2: [clinical] COBOLIMAB; LOMVASTOMIG; SABATOLIMAB | HMGB1: [clinical] CD24FC,,,full,True,oligodendrocyte (QC-passing)
104,104,CD14|ITGB1,2_clinical,immune-nerve,oligodendrocyte,"microglia,tam",0.0208117787142099,0.0162163540739889,5,5,0.0,CD14: [clinical] IC14; VB-201,,,full,True,oligodendrocyte (QC-passing)
106,137,ITGA5|VEGFD,2_clinical,immune-nerve,oligodendrocyte,dendritic,0.0221704033832714,0.0340785422184538,1,1,0.0,ITGA5: [clinical] PF-04605412,,,full,True,oligodendrocyte (QC-passing)
107,123,HMGB1|TLR2,2_clinical,immune-nerve,oligodendrocyte,"microglia,tam",0.0224340461024049,0.0252637724003891,6,8,0.0,HMGB1: [clinical] CD24FC | TLR2: [clinical] TOMARALIMAB; VB-201,,,full,True,oligodendrocyte (QC-passing)
109,138,CD47|THBS1,2_clinical,immune-nerve,oligodendrocyte,tam,0.0232471511157644,0.034557345845459,2,1,0.0,CD47: [clinical] EVORPACEPT; MAGROLIMAB,,,full,True,oligodendrocyte (QC-passing)
116,127,ALCAM|CHL1,2_clinical,nerve-tumor,oligodendrocyte,,0.0313034855666549,0.0272544721787895,2,3,0.0,ALCAM: [clinical] PRALUZATAMAB RAVTANSINE,,,full,True,oligodendrocyte (QC-passing)
117,155,CD44|LAMA2,2_clinical,immune-nerve,oligodendrocyte,tam,0.0314189395720484,0.0482346377599888,1,1,0.0,CD44: [clinical] BIVATUZUMAB; BIVATUZUMAB MERTANSINE,,,full,True,oligodendrocyte (QC-passing)
123,151,TLR2|VCAN,2_clinical,immune-nerve,oligodendrocyte,tam,0.0374495155667923,0.0443231392105717,1,1,0.0,TLR2: [clinical] TOMARALIMAB; VB-201,,,full,True,oligodendrocyte (QC-passing)
126,136,ALCAM|CD6,2_clinical,immune-nerve,oligodendrocyte,t_cell,0.0437916922323833,0.0334723546755153,2,2,0.0,ALCAM: [clinical] PRALUZATAMAB RAVTANSINE | CD6: [clinical] ITOLIZUMAB; ONCOLYSIN CD6,,,full,True,oligodendrocyte (QC-passing)
2,2,B2M|KLRD1,3_chembl_target_no_agent,"immune-nerve,immune-tumor",oligodendrocyte,"nk_cell,t_cell",2.263329193779176e-07,5.898220178767766e-07,13,13,0.0,,,,full,True,oligodendrocyte (QC-passing)
3,4,CD63|TIMP1,3_chembl_target_no_agent,"immune-nerve,immune-tumor,nerve-tumor",oligodendrocyte,"dendritic,microglia,nk_cell,t_cell,tam",3.3662622736514735e-06,1.4735483599578569e-05,44,42,0.0,,,,full,True,oligodendrocyte (QC-passing)
11,10,APOE|LRP6,3_chembl_target_no_agent,"immune-nerve,immune-tumor",oligodendrocyte,microglia,6.640063036822427e-05,9.83032841585654e-05,10,11,0.0,,,,full,True,oligodendrocyte (QC-passing)
12,13,PTN|PTPRZ1,3_chembl_target_no_agent,nerve-tumor,oligodendrocyte,,0.0001300506952954,0.0002592234339309,18,22,0.0,,,,full,True,oligodendrocyte (QC-passing)
16,19,PSAP|SORT1,3_chembl_target_no_agent,"immune-nerve,nerve-tumor",oligodendrocyte,"dendritic,microglia,nk_cell,t_cell,tam",0.0003657985842363,0.0003108440492599,34,38,0.0,,,,full,True,oligodendrocyte (QC-passing)
24,27,APLP2|HLA-A,3_chembl_target_no_agent,"immune-nerve,immune-tumor,nerve-tumor",oligodendrocyte,"dendritic,microglia,nk_cell,t_cell,tam",0.0008097152861547,0.0008361085693928,32,37,0.0,,,,full,True,oligodendrocyte (QC-passing)
25,25,GPR37|PSAP,3_chembl_target_no_agent,"immune-nerve,nerve-tumor",oligodendrocyte,"dendritic,microglia,tam",0.0010435038389317,0.0006627845374047,21,21,0.0,,,,full,True,oligodendrocyte (QC-passing)
32,8,LRP1B|PLAUR,3_chembl_target_no_agent,"immune-nerve,immune-tumor",oligodendrocyte,"dendritic,microglia,tam",0.0023818255691284,6.732010125777869e-05,16,22,0.0,,,,full,True,oligodendrocyte (QC-passing)
44,52,NCL|PTN,3_chembl_target_no_agent,"immune-nerve,immune-tumor,nerve-tumor",oligodendrocyte,"dendritic,microglia,nk_cell,t_cell,tam",0.0037481895169293,0.0033699606795725,33,25,0.0,,,,full,True,oligodendrocyte (QC-passing)
45,50,LGALS9|PTPRK,3_chembl_target_no_agent,immune-nerve,oligodendrocyte,"dendritic,microglia,tam",0.003822416456413,0.003289203360133,14,18,0.0,,,,full,True,oligodendrocyte (QC-passing)
47,43,IL1RAPL1|PTPRS,3_chembl_target_no_agent,nerve-tumor,oligodendrocyte,,0.0039899340904984,0.0027878619334552,6,8,0.0,,,,full,True,oligodendrocyte (QC-passing)
48,91,ITGB1|VCAN,3_chembl_target_no_agent,immune-nerve,oligodendrocyte,"microglia,nk_cell,t_cell,tam",0.0039899340904984,0.0090208863447758,12,9,0.0,,,,full,True,oligodendrocyte (QC-passing)
49,46,CD8A|HLA-A,3_chembl_target_no_agent,immune-nerve,oligodendrocyte,t_cell,0.0040835773155522,0.0030013659711338,6,10,0.0,,,,full,True,oligodendrocyte (QC-passing)
51,44,IL1RAPL1|PTPRD,3_chembl_target_no_agent,nerve-tumor,oligodendrocyte,,0.0043355826872686,0.0028936415454057,10,14,0.0,,,,full,True,oligodendrocyte (QC-passing)
54,68,PTN|PTPRS,3_chembl_target_no_agent,nerve-tumor,oligodendrocyte,,0.0053588856410061,0.0053731705564019,6,9,0.0,,,,full,True,oligodendrocyte (QC-passing)
55,60,CD8A|HLA-C,3_chembl_target_no_agent,immune-nerve,oligodendrocyte,t_cell,0.0053686766276262,0.003999036016436,6,6,0.0,,,,full,True,oligodendrocyte (QC-passing)
57,57,GRN|SORT1,3_chembl_target_no_agent,immune-nerve,oligodendrocyte,"dendritic,microglia,tam",0.0056765568321839,0.0038097775744713,22,27,0.0,,,,full,True,oligodendrocyte (QC-passing)
58,71,LAMA2|RPSA,3_chembl_target_no_agent,immune-nerve,oligodendrocyte,"dendritic,nk_cell,t_cell,tam",0.0059001664864793,0.0055448669954384,8,14,0.0,,,,full,True,oligodendrocyte (QC-passing)
59,99,JAG1|NOTCH4,3_chembl_target_no_agent,immune-nerve,oligodendrocyte,tam,0.0063165025859939,0.0134505135185954,1,1,0.0,,,,full,True,oligodendrocyte (QC-passing)
61,70,C1QB|C1QBP,3_chembl_target_no_agent,"immune-nerve,immune-tumor",oligodendrocyte,microglia,0.0067490080484933,0.0055448669954384,7,7,0.0,,,,full,True,oligodendrocyte (QC-passing)
62,80,APOE|SCARB1,3_chembl_target_no_agent,immune-nerve,oligodendrocyte,microglia,0.0070481107611932,0.0070429102367171,1,1,0.0,,,,full,True,oligodendrocyte (QC-passing)
63,74,CD8B|HLA-A,3_chembl_target_no_agent,immune-nerve,oligodendrocyte,t_cell,0.0073307243058112,0.0056753807113884,5,4,0.0,,,,full,True,oligodendrocyte (QC-passing)
64,32,APOE|TREM2,3_chembl_target_no_agent,immune-nerve,oligodendrocyte,microglia,0.0075029048221887,0.0018173171874341,1,4,0.0,,,,full,True,oligodendrocyte (QC-passing)
65,28,CNTN1|PTPRZ1,3_chembl_target_no_agent,nerve-tumor,oligodendrocyte,,0.0075144529512715,0.0008738643754283,1,2,0.0,,,,full,True,oligodendrocyte (QC-passing)
67,93,CD68|S100A9,3_chembl_target_no_agent,immune-nerve,oligodendrocyte,tam,0.0079597312623675,0.0101982588157128,1,1,0.0,,,,full,True,oligodendrocyte (QC-passing)
79,86,CD8B|HLA-C,3_chembl_target_no_agent,immune-nerve,oligodendrocyte,t_cell,0.0100250080407404,0.0079554429730533,2,2,0.0,,,,full,True,oligodendrocyte (QC-passing)
82,101,ARPC5|LRP2,3_chembl_target_no_agent,immune-nerve,oligodendrocyte,"dendritic,tam",0.011525959434572,0.0136900747484681,5,4,0.0,,,,full,True,oligodendrocyte (QC-passing)
85,79,MDK|PTPRZ1,3_chembl_target_no_agent,nerve-tumor,oligodendrocyte,,0.0127820791734613,0.0069846574836083,3,5,0.0,,,,full,True,oligodendrocyte (QC-passing)
87,118,ACTR2|LRP2,3_chembl_target_no_agent,immune-nerve,oligodendrocyte,"dendritic,tam",0.0139603062141994,0.0215509066379176,4,2,0.0,,,,full,True,oligodendrocyte (QC-passing)
92,112,B2M|CD1C,3_chembl_target_no_agent,immune-nerve,oligodendrocyte,dendritic,0.0151889355636083,0.0191705277806034,7,5,0.0,,,,full,True,oligodendrocyte (QC-passing)
93,105,CD68|S100A8,3_chembl_target_no_agent,immune-nerve,oligodendrocyte,tam,0.0153031243886033,0.0165245832373714,1,1,0.0,,,,full,True,oligodendrocyte (QC-passing)
96,134,B2M|KLRC2,3_chembl_target_no_agent,immune-nerve,oligodendrocyte,nk_cell,0.0164677813485811,0.0321432127057525,7,2,0.0,,,,full,True,oligodendrocyte (QC-passing)
98,98,CALM3|PDE1C,3_chembl_target_no_agent,"immune-nerve,nerve-tumor",oligodendrocyte,"dendritic,microglia,nk_cell,t_cell,tam",0.0167398002094177,0.0134088799117458,9,14,0.0,,,,full,True,oligodendrocyte (QC-passing)
105,132,HLA-A|LILRB2,3_chembl_target_no_agent,immune-nerve,oligodendrocyte,tam,0.0208117787142099,0.0319163333983314,4,2,0.0,,,,full,True,oligodendrocyte (QC-passing)
111,142,HLA-C|LILRB2,3_chembl_target_no_agent,immune-nerve,oligodendrocyte,tam,0.0248324537684614,0.0385065284155683,1,2,0.0,,,,full,True,oligodendrocyte (QC-passing)
112,108,GZMA|PARD3,3_chembl_target_no_agent,immune-nerve,oligodendrocyte,nk_cell,0.0258329896464762,0.017541931501377,1,4,0.0,,,,full,True,oligodendrocyte (QC-passing)
113,139,IGSF11|VSIR,3_chembl_target_no_agent,immune-nerve,oligodendrocyte,"microglia,tam",0.0263191330880173,0.0349578971962809,2,2,0.0,,,,full,True,oligodendrocyte (QC-passing)
119,117,ADAM10|TREM2,3_chembl_target_no_agent,immune-nerve,oligodendrocyte,microglia,0.032773033186303,0.0210176827367735,2,4,0.0,,,,full,True,oligodendrocyte (QC-passing)
125,111,CD81|CD99,3_chembl_target_no_agent,immune-nerve,oligodendrocyte,"nk_cell,t_cell",0.0399247089294438,0.0190439837804733,6,7,0.0,,,,full,True,oligodendrocyte (QC-passing)
127,114,ITGB1|LGALS3BP,3_chembl_target_no_agent,immune-nerve,oligodendrocyte,nk_cell,0.0461763231786862,0.0194567282579237,1,4,0.0,,,,full,True,oligodendrocyte (QC-passing)
128,149,IL1RAPL1|PTPRF,3_chembl_target_no_agent,nerve-tumor,oligodendrocyte,,0.0486707142220201,0.0425137695382293,1,1,0.0,,,,full,True,oligodendrocyte (QC-passing)
6,7,APOE|LRP2,4_no_chembl_target,"immune-nerve,nerve-tumor",oligodendrocyte,"dendritic,microglia,nk_cell,tam",2.459031634270748e-05,2.1762658461779045e-05,14,20,0.0,,,,full,True,oligodendrocyte (QC-passing)
13,15,APOE|SORL1,4_no_chembl_target,immune-nerve,oligodendrocyte,microglia,0.0002269053927027,0.0002785252970837,10,13,0.0,,,,full,True,oligodendrocyte (QC-passing)
17,20,NLGN1|NRXN1,4_no_chembl_target,nerve-tumor,oligodendrocyte,,0.0003828182431405,0.0003223616168631,12,18,0.0,,,,full,True,oligodendrocyte (QC-passing)
28,26,APOE|LRP4,4_no_chembl_target,"immune-nerve,immune-tumor",oligodendrocyte,microglia,0.0013608204375744,0.0007373499440741,8,12,0.0,,,,full,True,oligodendrocyte (QC-passing)
71,107,CNTN2|NRCAM,4_no_chembl_target,nerve-tumor,oligodendrocyte,,0.0084664693228295,0.0166575417177884,8,7,0.0,,,,full,True,oligodendrocyte (QC-passing)
77,53,NLGN1|NRXN3,4_no_chembl_target,nerve-tumor,oligodendrocyte,,0.0097279058446311,0.0033801235268107,12,18,0.0,,,,full,True,oligodendrocyte (QC-passing)
88,124,CD93|COL4A5,4_no_chembl_target,immune-nerve,oligodendrocyte,tam,0.0140542339300673,0.0254813780455643,3,2,0.0,,,,full,True,oligodendrocyte (QC-passing)
90,73,BCAN|NRCAM,4_no_chembl_target,nerve-tumor,oligodendrocyte,,0.0142430097203829,0.0056317109498292,1,2,0.0,,,,full,True,oligodendrocyte (QC-passing)
118,130,APOE|VLDLR,4_no_chembl_target,immune-nerve,oligodendrocyte,microglia,0.0320692348829614,0.0297465388483755,2,1,0.0,,,,full,True,oligodendrocyte (QC-passing)
120,110,NLGN4X|NRXN1,4_no_chembl_target,nerve-tumor,oligodendrocyte,,0.0341183109062325,0.0183862860172671,2,3,0.0,,,,full,True,oligodendrocyte (QC-passing)
124,157,CD9|IL16,4_no_chembl_target,immune-nerve,oligodendrocyte,nk_cell,0.0390741891196713,0.049822892467525,1,1,0.0,,,,full,True,oligodendrocyte (QC-passing)
1,1,APP|CD74,1_approved_available,immune-nerve,neuron(pooled),"dendritic,microglia,nk_cell,t_cell,tam",1.499592373567686e-05,7.381790691014783e-06,5,5,0.0,APP: ADUCANUMAB [black-box]; DONANEMAB; LECANEMAB [black-box] | CD74: [clinical] MILATUZUMAB,,,capped,False,neuron (pooled; donor-caveated)
28,20,EGFR|NRG3,1_approved_available,nerve-tumor,neuron(pooled),,0.00934498819147,0.0052125179526134,1,1,0.0,EGFR: AFATINIB DIMALEATE; BRIGATINIB; CETUXIMAB [black-box]; DACOMITINIB; DACOMITINIB ANHYDROUS; ERLOTINIB HYDROCHLORIDE; GEFITINIB; LAPATINIB DITOSYLATE [black-box]; NECITUMUMAB [black-box]; NERATINIB; NERATINIB MALEATE; OLMUTINIB; OSIMERTINIB; OSIMERTINIB MESYLATE; PANITUMUMAB [black-box],"afatinib (6: NCT00977431, NCT02465060, NCT00727506) | depatuxizumab (6: NCT02365662, NCT03419403, NCT01800695)",,capped,False,neuron (pooled; donor-caveated)
27,25,CXCR4|HMGB1,1_approved_available,immune-nerve,neuron(pooled),"dendritic,nk_cell,t_cell",0.0085155281245564,0.0068017565938959,3,3,0.0,CXCR4: MAVORIXAFOR; PLERIXAFOR | HMGB1: [clinical] CD24FC,"plerixafor (4: NCT00669669, NCT03746080, NCT01339039)",,capped,False,neuron (pooled; donor-caveated)
20,26,C3|GRM7,1_approved_available,immune-nerve,neuron(pooled),microglia,0.0069365904583045,0.0070429102367171,1,1,0.0,C3: PEGCETACOPLAN [black-box],,,capped,False,neuron (pooled; donor-caveated)
22,28,CHRM3|GZMB,1_approved_available,immune-nerve,neuron(pooled),nk_cell,0.007126694217034,0.0073874405594675,1,1,0.0,CHRM3: ACETYLCHOLINE CHLORIDE; ACLIDINIUM BROMIDE; ANISOTROPINE METHYLBROMIDE; ATROPINE; ATROPINE SULFATE; BETHANECHOL CHLORIDE; CARBACHOL; CEVIMELINE HYDROCHLORIDE; CLIDINIUM BROMIDE; CYCLOPENTOLATE HYDROCHLORIDE; DARIFENACIN HYDROBROMIDE; DICYCLOMINE HYDROCHLORIDE; DIPHEMANIL METHYLSULFATE; FESOTERODINE FUMARATE; GLYCOPYRRONIUM BROMIDE; HEXOCYCLIUM METHYLSULFATE; IPRATROPIUM BROMIDE; ISOPROPAMIDE IODIDE; MEPENZOLATE BROMIDE; METHACHOLINE CHLORIDE [black-box]; METHSCOPOLAMINE BROMIDE; OXYBUTYNIN; OXYBUTYNIN CHLORIDE; OXYPHENCYCLIMINE HYDROCHLORIDE; OXYPHENONIUM BROMIDE; PILOCARPINE; PILOCARPINE HYDROCHLORIDE; PROPANTHELINE BROMIDE; REVEFENACIN; SOLIFENACIN SUCCINATE; TIOTROPIUM BROMIDE; TOLTERODINE TARTRATE; TRIDIHEXETHYL CHLORIDE; TROPICAMIDE; TROSPIUM CHLORIDE; UMECLIDINIUM BROMIDE,,,capped,False,neuron (pooled; donor-caveated)
52,41,CALM1|INSR,1_approved_available,immune-nerve,neuron(pooled),"nk_cell,t_cell",0.0313496420322308,0.0205891864778027,2,2,0.0,"CALM1: BENZIODARONE [WITHDRAWN]; PRENYLAMINE [WITHDRAWN] | INSR: INSULIN ASPART; INSULIN ASPART PROTAMINE RECOMBINANT; INSULIN DEGLUDEC; INSULIN DETEMIR; INSULIN GLARGINE; INSULIN GLULISINE; INSULIN HUMAN [black-box]; INSULIN HUMAN ZINC; INSULIN HUMAN, ISOPHANE; INSULIN ICODEC; INSULIN LISPRO; INSULIN LISPRO PROTAMINE RECOMBINANT; INSULIN PORK; INSULIN PURIFIED BEEF; INSULIN PURIFIED PORK; INSULIN SUSP ISOPHANE BEEF; INSULIN SUSP ISOPHANE RECOMBINANT HUMAN; INSULIN SUSP ISOPHANE SEMISYNTHETIC PURIFIED HUMAN; INSULIN ZINC SUSP RECOMBINANT HUMAN; INSULIN, NEUTRAL; INSULIN, PROTAMINE ZINC",,CALM1: BENZIODARONE; PRENYLAMINE,capped,False,neuron (pooled; donor-caveated)
23,43,GNAI2|IGF1R,1_approved_available,immune-nerve,neuron(pooled),tam,0.0073535681775105,0.0225680426074083,4,1,0.0,IGF1R: MASOPROCOL; MECASERMIN; MECASERMIN RINFABATE; TEPROTUMUMAB,,,capped,False,neuron (pooled; donor-caveated)
38,49,INSR|NAMPT,1_approved_available,immune-nerve,neuron(pooled),tam,0.0174466906629054,0.0317949981368041,1,1,0.0,"INSR: INSULIN ASPART; INSULIN ASPART PROTAMINE RECOMBINANT; INSULIN DEGLUDEC; INSULIN DETEMIR; INSULIN GLARGINE; INSULIN GLULISINE; INSULIN HUMAN [black-box]; INSULIN HUMAN ZINC; INSULIN HUMAN, ISOPHANE; INSULIN ICODEC; INSULIN LISPRO; INSULIN LISPRO PROTAMINE RECOMBINANT; INSULIN PORK; INSULIN PURIFIED BEEF; INSULIN PURIFIED PORK; INSULIN SUSP ISOPHANE BEEF; INSULIN SUSP ISOPHANE RECOMBINANT HUMAN; INSULIN SUSP ISOPHANE SEMISYNTHETIC PURIFIED HUMAN; INSULIN ZINC SUSP RECOMBINANT HUMAN; INSULIN, NEUTRAL; INSULIN, PROTAMINE ZINC | NAMPT: [clinical] DAPORINAD; TEGLARINAD CHLORIDE",,,capped,False,neuron (pooled; donor-caveated)
15,10,CALM1|KCNQ5,1b_approved_withdrawn_only,"immune-nerve,nerve-tumor",neuron(pooled),"dendritic,microglia,nk_cell,t_cell,tam",0.0044242027723169,0.002576210008847,6,6,0.0,CALM1: BENZIODARONE [WITHDRAWN]; PRENYLAMINE [WITHDRAWN] | KCNQ5: [clinical] FLINDOKALNER,,CALM1: BENZIODARONE; PRENYLAMINE,capped,False,neuron (pooled; donor-caveated)
13,12,CALM1|GRM7,1b_approved_withdrawn_only,"immune-nerve,nerve-tumor",neuron(pooled),"dendritic,microglia,nk_cell,t_cell,tam",0.003764622238141,0.0030398500068408,6,6,0.0,CALM1: BENZIODARONE [WITHDRAWN]; PRENYLAMINE [WITHDRAWN],,CALM1: BENZIODARONE; PRENYLAMINE,capped,False,neuron (pooled; donor-caveated)
11,14,CACNA1C|CALM1,1b_approved_withdrawn_only,"immune-nerve,nerve-tumor",neuron(pooled),"dendritic,microglia,nk_cell,t_cell,tam",0.0033179055908477,0.0033631940483223,6,6,0.0,CALM1: BENZIODARONE [WITHDRAWN]; PRENYLAMINE [WITHDRAWN],,CALM1: BENZIODARONE; PRENYLAMINE,capped,False,neuron (pooled; donor-caveated)
14,16,CALM1|GRM5,1b_approved_withdrawn_only,"immune-nerve,nerve-tumor",neuron(pooled),"dendritic,microglia,nk_cell,t_cell,tam",0.0038722998265061,0.0039111237172429,6,6,0.0,CALM1: BENZIODARONE [WITHDRAWN]; PRENYLAMINE [WITHDRAWN] | GRM5: [clinical] AZD2066; AZD2516; BASIMGLURANT; DASOLAMPANEL ETIBUTIL; DIPRAGLURANT; MAVOGLURANT; RASEGLURANT; RG7342; STX107,,CALM1: BENZIODARONE; PRENYLAMINE,capped,False,neuron (pooled; donor-caveated)
21,18,CALM1|RYR2,1b_approved_withdrawn_only,"immune-nerve,nerve-tumor",neuron(pooled),"dendritic,nk_cell,t_cell,tam",0.0069810941314676,0.0045624121458778,5,5,0.0,CALM1: BENZIODARONE [WITHDRAWN]; PRENYLAMINE [WITHDRAWN],,CALM1: BENZIODARONE; PRENYLAMINE,capped,False,neuron (pooled; donor-caveated)
19,19,CALM1|KCNQ3,1b_approved_withdrawn_only,"immune-nerve,nerve-tumor",neuron(pooled),"dendritic,nk_cell,t_cell,tam",0.0069143914037354,0.004817344278012,5,5,0.0,CALM1: BENZIODARONE [WITHDRAWN]; PRENYLAMINE [WITHDRAWN],,CALM1: BENZIODARONE; PRENYLAMINE,capped,False,neuron (pooled; donor-caveated)
36,27,ABCA1|APOE,1b_approved_withdrawn_only,immune-nerve,neuron(pooled),microglia,0.016928062716214,0.0073675352209776,1,1,0.0,ABCA1: PROBUCOL [WITHDRAWN],,ABCA1: PROBUCOL,capped,False,neuron (pooled; donor-caveated)
41,31,CALM1|PTPRA,1b_approved_withdrawn_only,immune-nerve,neuron(pooled),"nk_cell,t_cell",0.0191207032339501,0.0113229780244075,2,2,0.0,CALM1: BENZIODARONE [WITHDRAWN]; PRENYLAMINE [WITHDRAWN],,CALM1: BENZIODARONE; PRENYLAMINE,capped,False,neuron (pooled; donor-caveated)
31,35,CALM1|PDE1A,1b_approved_withdrawn_only,immune-nerve,neuron(pooled),"nk_cell,t_cell",0.0116401387439159,0.0163481075195451,3,2,0.0,CALM1: BENZIODARONE [WITHDRAWN]; PRENYLAMINE [WITHDRAWN],pentoxifylline (1: NCT00019058),CALM1: BENZIODARONE; PRENYLAMINE,capped,False,neuron (pooled; donor-caveated)
50,50,ABCA1|RIMS2,1b_approved_withdrawn_only,immune-nerve,neuron(pooled),"microglia,tam",0.0289926461819317,0.0392179456876522,3,2,0.0,ABCA1: PROBUCOL [WITHDRAWN],,ABCA1: PROBUCOL,capped,False,neuron (pooled; donor-caveated)
59,54,CALM1|PDE1C,1b_approved_withdrawn_only,immune-nerve,neuron(pooled),nk_cell,0.0430369529166567,0.0453939863298848,1,1,0.0,CALM1: BENZIODARONE [WITHDRAWN]; PRENYLAMINE [WITHDRAWN],,CALM1: BENZIODARONE; PRENYLAMINE,capped,False,neuron (pooled; donor-caveated)
6,5,NCAM1|PTPRZ1,2_clinical,nerve-tumor,neuron(pooled),,0.0005035897698539,0.0006094537577912,2,2,0.0,NCAM1: [clinical] LORVOTUZUMAB MERTANSINE; ONCOLYSIN S,,,capped,False,neuron (pooled; donor-caveated)
10,8,APOE|LRP1,2_clinical,immune-nerve,neuron(pooled),microglia,0.0027986869064197,0.0022270836153551,1,1,0.0,LRP1: [clinical] ANG1005,,,capped,False,neuron (pooled; donor-caveated)
12,9,CD74|COPA,2_clinical,immune-nerve,neuron(pooled),"dendritic,microglia,t_cell,tam",0.0034034575588458,0.0025407558015352,3,4,0.0,CD74: [clinical] MILATUZUMAB,,,capped,False,neuron (pooled; donor-caveated)
24,22,C1QB|LRP1,2_clinical,immune-nerve,neuron(pooled),microglia,0.0076420583670804,0.006405898314604,1,1,0.0,LRP1: [clinical] ANG1005,,,capped,False,neuron (pooled; donor-caveated)
17,23,CXCL8|GRM7,2_clinical,immune-nerve,neuron(pooled),"microglia,tam",0.0059722051655391,0.006602372672639,2,2,0.0,CXCL8: [clinical] ABX-IL8; ADAKITUG,,,capped,False,neuron (pooled; donor-caveated)
25,24,IL18|IL1RAPL1,2_clinical,immune-nerve,neuron(pooled),"dendritic,microglia",0.0076420583670804,0.0067921962487155,2,2,0.0,IL18: [clinical] CAMOTESKIMAB; GSK-1070806; TADEKINIG ALFA,,,capped,False,neuron (pooled; donor-caveated)
42,32,LRP1|PSAP,2_clinical,immune-nerve,neuron(pooled),"microglia,tam",0.0195048068178736,0.0124406430107419,2,2,0.0,LRP1: [clinical] ANG1005,,,capped,False,neuron (pooled; donor-caveated)
35,34,NCAM1|NCAM2,2_clinical,nerve-tumor,neuron(pooled),,0.0160303615198283,0.016318784634713,1,1,0.0,NCAM1: [clinical] LORVOTUZUMAB MERTANSINE; ONCOLYSIN S,,,capped,False,neuron (pooled; donor-caveated)
39,39,ITGAV_ITGB1|SPP1,2_clinical,immune-nerve,neuron(pooled),microglia,0.0186952484289686,0.0196647018343965,1,1,0.0,ITGAV: [clinical] IMGN-388 | SPP1: [clinical] ASK-8007,,,capped,False,neuron (pooled; donor-caveated)
48,45,PTPRZ1|TNC,2_clinical,nerve-tumor,neuron(pooled),,0.0252886748108049,0.025029039865033,1,1,0.0,TNC: [clinical] 81C6 131I; F16IL2; F16SIP 131I; TENATUMOMAB,,,capped,False,neuron (pooled; donor-caveated)
47,47,CD44|VCAN,2_clinical,immune-nerve,neuron(pooled),tam,0.0225324590243264,0.0266014011101245,1,1,0.0,CD44: [clinical] BIVATUZUMAB; BIVATUZUMAB MERTANSINE,,,capped,False,neuron (pooled; donor-caveated)
51,48,ITGA9_ITGB1|SPP1,2_clinical,immune-nerve,neuron(pooled),microglia,0.0302281567246524,0.0273483850954554,1,1,0.0,SPP1: [clinical] ASK-8007,,,capped,False,neuron (pooled; donor-caveated)
37,51,ERBB3|S100A4,2_clinical,immune-nerve,neuron(pooled),tam,0.0174466906629054,0.0412290504328368,2,1,0.0,ERBB3: [clinical] AMG-888; AV-203; CDX-3379; DULIGOTUZUMAB; ELGEMTUMAB; ISTIRATUMAB; LUMRETUZUMAB; PATRITUMAB; PATRITUMAB DERUXTECAN; SAPITINIB; SERIBANTUMAB,,,capped,False,neuron (pooled; donor-caveated)
53,55,CACNA1C|NCAM1,2_clinical,nerve-tumor,neuron(pooled),,0.0318362561867932,0.0479395465664603,1,1,0.0,NCAM1: [clinical] LORVOTUZUMAB MERTANSINE; ONCOLYSIN S,,,capped,False,neuron (pooled; donor-caveated)
2,2,LRP1B|PLAUR,3_chembl_target_no_agent,immune-nerve,neuron(pooled),"dendritic,microglia,tam",0.0001645430653837,6.732010125777869e-05,3,3,0.0,,,,capped,False,neuron (pooled; donor-caveated)
3,3,CCL5|GRM7,3_chembl_target_no_agent,immune-nerve,neuron(pooled),"nk_cell,t_cell",0.0001973232639078,0.0001905477555894,2,2,0.0,,,,capped,False,neuron (pooled; donor-caveated)
4,4,PTN|PTPRZ1,3_chembl_target_no_agent,nerve-tumor,neuron(pooled),,0.0002330688001969,0.000355942528456,2,2,0.0,,,,capped,False,neuron (pooled; donor-caveated)
5,6,CNTN1|PTPRZ1,3_chembl_target_no_agent,nerve-tumor,neuron(pooled),,0.000485542397867,0.0008738643754283,1,1,0.0,,,,capped,False,neuron (pooled; donor-caveated)
8,11,APOE|LRP6,3_chembl_target_no_agent,immune-nerve,neuron(pooled),microglia,0.0014466650024528,0.0029125102477391,1,1,0.0,,,,capped,False,neuron (pooled; donor-caveated)
26,29,ANXA1|GRM7,3_chembl_target_no_agent,immune-nerve,neuron(pooled),"nk_cell,t_cell,tam",0.0077707159070203,0.0100819883068584,2,3,0.0,,,,capped,False,neuron (pooled; donor-caveated)
49,30,APLP2|HLA-A,3_chembl_target_no_agent,immune-nerve,neuron(pooled),"dendritic,nk_cell,t_cell,tam",0.0278472577026618,0.0112861962731735,2,4,0.0,,,,capped,False,neuron (pooled; donor-caveated)
30,33,PTN|PTPRS,3_chembl_target_no_agent,nerve-tumor,neuron(pooled),,0.0111166612672647,0.012530721194941,1,1,0.0,,,,capped,False,neuron (pooled; donor-caveated)
33,36,CNTN1|NRCAM,3_chembl_target_no_agent,nerve-tumor,neuron(pooled),,0.0143695406691971,0.0165836115446212,1,1,0.0,,,,capped,False,neuron (pooled; donor-caveated)
43,37,GZMA|PARD3,3_chembl_target_no_agent,immune-nerve,neuron(pooled),"nk_cell,t_cell",0.0195599808493196,0.017541931501377,2,2,0.0,,,,capped,False,neuron (pooled; donor-caveated)
54,40,PSAP|SORT1,3_chembl_target_no_agent,immune-nerve,neuron(pooled),"microglia,tam",0.0325141276308355,0.0199705860836318,2,2,0.0,,,,capped,False,neuron (pooled; donor-caveated)
44,42,MDK|PTPRZ1,3_chembl_target_no_agent,nerve-tumor,neuron(pooled),,0.0201718547166833,0.0211836243285282,1,1,0.0,,,,capped,False,neuron (pooled; donor-caveated)
55,44,IL1RAPL1|PTPRS,3_chembl_target_no_agent,nerve-tumor,neuron(pooled),,0.032773033186303,0.0246878695401654,1,1,0.0,,,,capped,False,neuron (pooled; donor-caveated)
57,46,IL1RAPL1|PTPRD,3_chembl_target_no_agent,nerve-tumor,neuron(pooled),,0.0345886026994945,0.0253362079948084,1,1,0.0,,,,capped,False,neuron (pooled; donor-caveated)
61,52,ADAM10|NRCAM,3_chembl_target_no_agent,immune-nerve,neuron(pooled),tam,0.046705050567489,0.0415268032593081,1,1,0.0,,,,capped,False,neuron (pooled; donor-caveated)
62,53,CXCL2|GRM7,3_chembl_target_no_agent,immune-nerve,neuron(pooled),tam,0.0470964577053347,0.0419868663556478,1,1,0.0,,,,capped,False,neuron (pooled; donor-caveated)
7,7,NLGN1|NRXN1,4_no_chembl_target,nerve-tumor,neuron(pooled),,0.0007401622943894,0.0009645729557809,4,4,0.0,,,,capped,False,neuron (pooled; donor-caveated)
16,13,APOE|LRP4,4_no_chembl_target,immune-nerve,neuron(pooled),microglia,0.0048618610279072,0.0033631940483223,1,1,0.0,,,,capped,False,neuron (pooled; donor-caveated)
18,15,NLGN1|NRXN3,4_no_chembl_target,nerve-tumor,neuron(pooled),,0.0065585430213086,0.0033801235268107,4,4,0.0,,,,capped,False,neuron (pooled; donor-caveated)
9,17,APOE|SORL1,4_no_chembl_target,immune-nerve,neuron(pooled),microglia,0.0027000788679362,0.0041102796890162,1,1,0.0,,,,capped,False,neuron (pooled; donor-caveated)
29,21,BCAN|NRCAM,4_no_chembl_target,nerve-tumor,neuron(pooled),,0.0094480884702126,0.0056317109498292,1,1,0.0,,,,capped,False,neuron (pooled; donor-caveated)
32,38,NLGN4X|NRXN1,4_no_chembl_target,nerve-tumor,neuron(pooled),,0.0131894729669259,0.0183862860172671,1,1,0.0,,,,capped,False,neuron (pooled; donor-caveated)
