axis,tier_v2,agents_flagged,glioma_trials,withdrawn
ABCA1|APOE,1b_approved_withdrawn_only,ABCA1: PROBUCOL (appr 1977) [WITHDRAWN],,ABCA1: PROBUCOL
ABCA1|RIMS2,1b_approved_withdrawn_only,ABCA1: PROBUCOL (appr 1977) [WITHDRAWN],,ABCA1: PROBUCOL
ACTR2|LRP2,3_chembl_target_no_agent,,,
ADAM10|CD44,2_clinical,CD44: [clinical] BIVATUZUMAB (Ph2); BIVATUZUMAB MERTANSINE (Ph1),,
ADAM10|NRCAM,4_no_chembl_target,,,
ADAM10|TREM2,3_chembl_target_no_agent,,,
ADAM17|ERBB4,1_approved_available,ADAM17: [clinical] APRATASTAT | ERBB4: AFATINIB DIMALEATE; DACOMITINIB; DACOMITINIB ANHYDROUS; NERATINIB; NERATINIB MALEATE,"afatinib (6: NCT00977431, NCT05432518, NCT02465060) | neratinib (2: NCT04374305, NCT02977780)",
ALCAM|CD6,2_clinical,ALCAM: [clinical] PRALUZATAMAB RAVTANSINE | CD6: [clinical] ITOLIZUMAB; ONCOLYSIN CD6,,
ALCAM|CHL1,2_clinical,ALCAM: [clinical] PRALUZATAMAB RAVTANSINE,,
ANXA1|EGFR,1_approved_available,EGFR: AFATINIB DIMALEATE (appr 2013); BRIGATINIB (appr 2017); CETUXIMAB (appr 2004) [black-box]; DACOMITINIB (appr 2018); DACOMITINIB ANHYDROUS (appr 2018); ERLOTINIB HYDROCHLORIDE (appr 2004); GEFI,"afatinib (6: NCT00977431, NCT05432518, NCT02465060) | depatuxizumab (6: NCT02573324, NCT01800695, NCT03419403)",
ANXA1|GRM7,3_chembl_target_no_agent,,,
APLP2|HLA-A,3_chembl_target_no_agent,,,
APOE|LRP1,2_clinical,LRP1: [clinical] ANG1005,,
APOE|LRP2,4_no_chembl_target,,,
APOE|LRP4,4_no_chembl_target,,,
APOE|LRP6,3_chembl_target_no_agent,,,
APOE|SCARB1,3_chembl_target_no_agent,,,
APOE|SORL1,4_no_chembl_target,,,
APOE|TREM2,3_chembl_target_no_agent,,,
APOE|VLDLR,4_no_chembl_target,,,
APP|CD74,1_approved_available,APP: ADUCANUMAB (appr 2021) [black-box]; DONANEMAB (approved); LECANEMAB (appr 2023) [black-box] | CD74: [clinical] MILATUZUMAB (Ph2),,
APP|DCC,1_approved_available,APP: ADUCANUMAB (appr 2021) [black-box]; DONANEMAB (approved); LECANEMAB (appr 2023) [black-box],,
APP|LRP1,1_approved_available,APP: ADUCANUMAB (appr 2021) [black-box]; DONANEMAB (approved); LECANEMAB (appr 2023) [black-box] | LRP1: [clinical] ANG1005,,
ARPC5|LRP2,3_chembl_target_no_agent,,,
B2M|CD1C,3_chembl_target_no_agent,,,
B2M|KLRC1,2_clinical,KLRC1: [clinical] MONALIZUMAB,,
B2M|KLRC2,3_chembl_target_no_agent,,,
B2M|KLRD1,3_chembl_target_no_agent,,,
BCAN|EGFR,1_approved_available,EGFR: AFATINIB DIMALEATE (appr 2013); BRIGATINIB (appr 2017); CETUXIMAB (appr 2004) [black-box]; DACOMITINIB (appr 2018); DACOMITINIB ANHYDROUS (appr 2018); ERLOTINIB HYDROCHLORIDE (appr 2004); GEFI,"afatinib (6: NCT00977431, NCT05432518, NCT02465060) | depatuxizumab (6: NCT02573324, NCT01800695, NCT03419403)",
BCAN|NRCAM,4_no_chembl_target,,,
C1QB|C1QBP,3_chembl_target_no_agent,,,
C1QB|LRP1,2_clinical,LRP1: [clinical] ANG1005,,
C3|CD81,1_approved_available,C3: PEGCETACOPLAN (appr 2021) [black-box],,
C3|GRM7,1_approved_available,C3: PEGCETACOPLAN (appr 2021) [black-box],,
C5AR1|RPS19,1_approved_available,C5AR1: AVACOPAN,,
CACNA1C|CALM1,1b_approved_withdrawn_only,CALM1: BENZIODARONE (approved) [WITHDRAWN]; PRENYLAMINE (approved) [WITHDRAWN],,CALM1: BENZIODARONE; PRENYLAMINE
CACNA1C|NCAM1,2_clinical,NCAM1: [clinical] ONCOLYSIN S (Ph2); LORVOTUZUMAB MERTANSINE (Ph2),,
CALM1|GRM3,1b_approved_withdrawn_only,CALM1: BENZIODARONE (approved) [WITHDRAWN]; PRENYLAMINE (approved) [WITHDRAWN] | GRM3: [clinical] DECOGLURANT; LY2969822; LY404039; POMAGLUMETAD METHIONIL ANHYDROUS,,CALM1: BENZIODARONE; PRENYLAMINE
CALM1|GRM5,1b_approved_withdrawn_only,CALM1: BENZIODARONE (approved) [WITHDRAWN]; PRENYLAMINE (approved) [WITHDRAWN],,CALM1: BENZIODARONE; PRENYLAMINE
CALM1|GRM7,1b_approved_withdrawn_only,CALM1: BENZIODARONE (approved) [WITHDRAWN]; PRENYLAMINE (approved) [WITHDRAWN],,CALM1: BENZIODARONE; PRENYLAMINE
CALM1|INSR,1_approved_available,"CALM1: BENZIODARONE (approved) [WITHDRAWN]; PRENYLAMINE (approved) [WITHDRAWN] | INSR: INSULIN ASPART; INSULIN ASPART PROTAMINE RECOMBINANT; INSULIN DEGLUDEC; INSULIN DETEMIR; INSULIN GLARGINE; INSULIN GLULISINE; INSULIN HUMAN [black-box]; INSULIN HUMAN ZINC; INSULIN HUMAN, ISOPHANE; INSULIN ICODEC",,CALM1: BENZIODARONE; PRENYLAMINE
CALM1|KCNQ3,1b_approved_withdrawn_only,CALM1: BENZIODARONE (approved) [WITHDRAWN]; PRENYLAMINE (approved) [WITHDRAWN] | KCNQ3: [clinical] FLINDOKALNER,,CALM1: BENZIODARONE; PRENYLAMINE
CALM1|KCNQ5,1b_approved_withdrawn_only,CALM1: BENZIODARONE (approved) [WITHDRAWN]; PRENYLAMINE (approved) [WITHDRAWN],,CALM1: BENZIODARONE; PRENYLAMINE
CALM1|PDE1A,1_approved_available,CALM1: BENZIODARONE (approved) [WITHDRAWN]; PRENYLAMINE (approved) [WITHDRAWN] | PDE1A: DIPYRIDAMOLE; PENTOXIFYLLINE,pentoxifylline (1: NCT00019058),CALM1: BENZIODARONE; PRENYLAMINE
CALM1|PDE1C,1_approved_available,CALM1: BENZIODARONE (approved) [WITHDRAWN]; PRENYLAMINE (approved) [WITHDRAWN] | PDE1C: DIPYRIDAMOLE; PENTOXIFYLLINE,,CALM1: BENZIODARONE; PRENYLAMINE
CALM1|PTPRA,1b_approved_withdrawn_only,CALM1: BENZIODARONE (approved) [WITHDRAWN]; PRENYLAMINE (approved) [WITHDRAWN],,CALM1: BENZIODARONE; PRENYLAMINE
CALM1|RYR2,1b_approved_withdrawn_only,CALM1: BENZIODARONE (approved) [WITHDRAWN]; PRENYLAMINE (approved) [WITHDRAWN],,CALM1: BENZIODARONE; PRENYLAMINE
CALM3|PDE1C,1_approved_available,PDE1C: DIPYRIDAMOLE; PENTOXIFYLLINE,,
CCL5|GRM7,4_no_chembl_target,,,
CD14|ITGB1,1_approved_available,CD14: [clinical] IC14; VB-201 | ITGB1: NATALIZUMAB (appr 2004) [black-box],,
CD22|PTPRC,2_clinical,PTPRC: [clinical] BC8 131I (Ph2); AHN-12 (Ph1),,
CD2|CD59,1_approved_available,CD2: ALEFACEPT,,
CD44_CD74|MIF,2_clinical,CD44: [clinical] BIVATUZUMAB (Ph2); BIVATUZUMAB MERTANSINE (Ph1) | CD74: [clinical] MILATUZUMAB (Ph2) | MIF: [clinical] IGURATIMOD; IMALUMAB,,
CD44|COL4A5,2_clinical,CD44: [clinical] BIVATUZUMAB (Ph2); BIVATUZUMAB MERTANSINE (Ph1),,
CD44|LAMA2,2_clinical,CD44: [clinical] BIVATUZUMAB (Ph2); BIVATUZUMAB MERTANSINE (Ph1),,
CD44|PKM,2_clinical,CD44: [clinical] BIVATUZUMAB (Ph2); BIVATUZUMAB MERTANSINE (Ph1),,
CD44|PSEN1,2_clinical,CD44: [clinical] BIVATUZUMAB (Ph2); BIVATUZUMAB MERTANSINE (Ph1) | PSEN1: [clinical] SEMAGACESTAT (Ph3); AVAGACESTAT (Ph2),,
CD44|SPP1,2_clinical,CD44: [clinical] BIVATUZUMAB (Ph2); BIVATUZUMAB MERTANSINE (Ph1) | SPP1: [clinical] ASK-8007 (Ph2),,
CD44|TIMP2,2_clinical,CD44: [clinical] BIVATUZUMAB (Ph2); BIVATUZUMAB MERTANSINE (Ph1),,
CD44|VCAN,2_clinical,CD44: [clinical] BIVATUZUMAB (Ph2); BIVATUZUMAB MERTANSINE (Ph1),,
CD44|VEGFA,1_approved_available,CD44: [clinical] BIVATUZUMAB (Ph2); BIVATUZUMAB MERTANSINE (Ph1) | VEGFA: AFLIBERCEPT (appr 2011); BEVACIZUMAB (appr 2004); BEVACIZUMAB GAMMA (appr 2024); BROLUCIZUMAB (appr 2019); FARICIMAB (appr 2022); PEGAPTANIB SODIUM (appr 2004); RANIBIZUMAB (appr 2 [black-box],,
CD44|VIM,2_clinical,CD44: [clinical] BIVATUZUMAB (Ph2); BIVATUZUMAB MERTANSINE (Ph1) | VIM: [clinical] PRITUMUMAB,,
CD47|THBS1,2_clinical,CD47: [clinical] EVORPACEPT; MAGROLIMAB,,
CD63|TIMP1,3_chembl_target_no_agent,,,
CD68|S100A8,3_chembl_target_no_agent,,,
CD68|S100A9,3_chembl_target_no_agent,,,
CD69|LGALS1,2_clinical,LGALS1: [clinical] DAVANAT,,
CD74_CXCR4|MIF,1_approved_available,CD74: [clinical] MILATUZUMAB (Ph2) | CXCR4: MAVORIXAFOR; PLERIXAFOR | MIF: [clinical] IGURATIMOD; IMALUMAB,"plerixafor (4: NCT01977677, NCT01339039, NCT00669669)",
CD74|COPA,2_clinical,CD74: [clinical] MILATUZUMAB (Ph2),,
CD81|CD99,3_chembl_target_no_agent,,,
CD8A|HLA-A,3_chembl_target_no_agent,,,
CD8A|HLA-C,3_chembl_target_no_agent,,,
CD8B|HLA-A,3_chembl_target_no_agent,,,
CD8B|HLA-C,3_chembl_target_no_agent,,,
CD93|COL4A5,4_no_chembl_target,,,
CD9|HBEGF,2_clinical,HBEGF: [clinical] KHK-2866,,
CD9|IL16,4_no_chembl_target,,,
CHRM3|GZMB,4_no_chembl_target,,,
CIRBP|TREM1,2_clinical,TREM1: [clinical] NANGIBOTIDE,,
CNTN1|NRCAM,4_no_chembl_target,,,
CNTN1|PTPRZ1,4_no_chembl_target,,,
CNTN2|NRCAM,4_no_chembl_target,,,
CXCL2|GRM7,4_no_chembl_target,,,
CXCL8|GRM7,4_no_chembl_target,,,
CXCR4|HMGB1,1_approved_available,CXCR4: MAVORIXAFOR; PLERIXAFOR | HMGB1: [clinical] CD24FC,"plerixafor (4: NCT01977677, NCT01339039, NCT00669669)",
EDIL3|ITGAV,2_clinical,ITGAV: [clinical] IMGN-388 (Ph1),,
EGFR|GNAI2,1_approved_available,EGFR: AFATINIB DIMALEATE (appr 2013); BRIGATINIB (appr 2017); CETUXIMAB (appr 2004) [black-box]; DACOMITINIB (appr 2018); DACOMITINIB ANHYDROUS (appr 2018); ERLOTINIB HYDROCHLORIDE (appr 2004); GEFI,"afatinib (6: NCT00977431, NCT05432518, NCT02465060) | depatuxizumab (6: NCT02573324, NCT01800695, NCT03419403)",
EGFR|GRN,1_approved_available,EGFR: AFATINIB DIMALEATE (appr 2013); BRIGATINIB (appr 2017); CETUXIMAB (appr 2004) [black-box]; DACOMITINIB (appr 2018); DACOMITINIB ANHYDROUS (appr 2018); ERLOTINIB HYDROCHLORIDE (appr 2004); GEFI,"afatinib (6: NCT00977431, NCT05432518, NCT02465060) | depatuxizumab (6: NCT02573324, NCT01800695, NCT03419403)",
EGFR|GSTP1,1_approved_available,EGFR: AFATINIB DIMALEATE (appr 2013); BRIGATINIB (appr 2017); CETUXIMAB (appr 2004) [black-box]; DACOMITINIB (appr 2018); DACOMITINIB ANHYDROUS (appr 2018); ERLOTINIB HYDROCHLORIDE (appr 2004); GEFI | GSTP1: [clinical] EZATIOSTAT HYDROCHLORIDE,"afatinib (6: NCT00977431, NCT05432518, NCT02465060) | depatuxizumab (6: NCT02573324, NCT01800695, NCT03419403)",
EGFR|MIF,1_approved_available,EGFR: AFATINIB DIMALEATE (appr 2013); BRIGATINIB (appr 2017); CETUXIMAB (appr 2004) [black-box]; DACOMITINIB (appr 2018); DACOMITINIB ANHYDROUS (appr 2018); ERLOTINIB HYDROCHLORIDE (appr 2004); GEFI | MIF: [clinical] IGURATIMOD; IMALUMAB,"afatinib (6: NCT00977431, NCT05432518, NCT02465060) | depatuxizumab (6: NCT02573324, NCT01800695, NCT03419403)",
EGFR|NRG3,1_approved_available,EGFR: AFATINIB DIMALEATE (appr 2013); BRIGATINIB (appr 2017); CETUXIMAB (appr 2004) [black-box]; DACOMITINIB (appr 2018); DACOMITINIB ANHYDROUS (appr 2018); ERLOTINIB HYDROCHLORIDE (appr 2004); GEFI,"afatinib (6: NCT00977431, NCT05432518, NCT02465060) | depatuxizumab (6: NCT02573324, NCT01800695, NCT03419403)",
EGFR|S100A4,1_approved_available,EGFR: AFATINIB DIMALEATE (appr 2013); BRIGATINIB (appr 2017); CETUXIMAB (appr 2004) [black-box]; DACOMITINIB (appr 2018); DACOMITINIB ANHYDROUS (appr 2018); ERLOTINIB HYDROCHLORIDE (appr 2004); GEFI,"afatinib (6: NCT00977431, NCT05432518, NCT02465060) | depatuxizumab (6: NCT02573324, NCT01800695, NCT03419403)",
EGFR|VCAN,1_approved_available,EGFR: AFATINIB DIMALEATE (appr 2013); BRIGATINIB (appr 2017); CETUXIMAB (appr 2004) [black-box]; DACOMITINIB (appr 2018); DACOMITINIB ANHYDROUS (appr 2018); ERLOTINIB HYDROCHLORIDE (appr 2004); GEFI,"afatinib (6: NCT00977431, NCT05432518, NCT02465060) | depatuxizumab (6: NCT02573324, NCT01800695, NCT03419403)",
ERBB3|S100A4,2_clinical,ERBB3: [clinical] AMG-888; AV-203; CDX-3379; DULIGOTUZUMAB; ELGEMTUMAB; ISTIRATUMAB; LUMRETUZUMAB; PATRITUMAB,,
FGFR2|NCAM1,1_approved_available,FGFR2: PALIFERMIN; PEMIGATINIB; REGORAFENIB [black-box]; TRAFERMIN | NCAM1: [clinical] ONCOLYSIN S (Ph2); LORVOTUZUMAB MERTANSINE (Ph2),"pemigatinib (1: NCT05267106) | regorafenib (8: NCT02926222, NCT04810182, NCT05759195)",
FGFR2|TIMP1,1_approved_available,FGFR2: PALIFERMIN; PEMIGATINIB; REGORAFENIB [black-box]; TRAFERMIN,"pemigatinib (1: NCT05267106) | regorafenib (8: NCT02926222, NCT04810182, NCT05759195)",
FN1|MAG,1_approved_available,FN1: OCRIPLASMIN | MAG: [clinical] REFANEZUMAB,,
GNAI2|IGF1R,1_approved_available,IGF1R: MASOPROCOL; MECASERMIN; MECASERMIN RINFABATE; TEPROTUMUMAB,,
GPR37|PSAP,3_chembl_target_no_agent,,,
GRN|SORT1,3_chembl_target_no_agent,,,
GZMA|PARD3,3_chembl_target_no_agent,,,
HAVCR2|HMGB1,2_clinical,HAVCR2: [clinical] COBOLIMAB; LOMVASTOMIG; SABATOLIMAB | HMGB1: [clinical] CD24FC,,
HLA-A|LILRB2,3_chembl_target_no_agent,,,
HLA-C|LILRB2,3_chembl_target_no_agent,,,
HMGB1|THBD,2_clinical,HMGB1: [clinical] CD24FC,,
HMGB1|TLR2,2_clinical,HMGB1: [clinical] CD24FC | TLR2: [clinical] TOMARALIMAB; VB-201,,
HSPA8|LRP2,2_clinical,HSPA8: [clinical] FORIGERIMOD ACETATE,,
IGSF11|VSIR,3_chembl_target_no_agent,,,
IL18|IL1RAPL1,2_clinical,IL18: [clinical] TADEKINIG ALFA (Ph3); GSK-1070806 (Ph2); CAMOTESKIMAB (Ph2),,
IL1RAPL1|PTPRD,4_no_chembl_target,,,
IL1RAPL1|PTPRF,3_chembl_target_no_agent,,,
IL1RAPL1|PTPRS,4_no_chembl_target,,,
INSR|NAMPT,1_approved_available,"INSR: INSULIN ASPART; INSULIN ASPART PROTAMINE RECOMBINANT; INSULIN DEGLUDEC; INSULIN DETEMIR; INSULIN GLARGINE; INSULIN GLULISINE; INSULIN HUMAN [black-box]; INSULIN HUMAN ZINC; INSULIN HUMAN, ISOPHANE; INSULIN ICODEC | NAMPT: [clinical] DAPORINAD; TEGLARINAD CHLORIDE",,
ITGA4_ITGB1|SPP1,1_approved_available,ITGA4: [clinical] UCB-1184197 | ITGB1: NATALIZUMAB (appr 2004) [black-box] | SPP1: [clinical] ASK-8007 (Ph2),,
ITGA5_ITGB1|SPP1,1_approved_available,ITGA5: [clinical] PF-04605412 | ITGB1: NATALIZUMAB (appr 2004) [black-box] | SPP1: [clinical] ASK-8007 (Ph2),,
ITGA5|VEGFD,2_clinical,ITGA5: [clinical] PF-04605412,,
ITGA9_ITGB1|SPP1,1_approved_available,ITGB1: NATALIZUMAB (appr 2004) [black-box] | SPP1: [clinical] ASK-8007 (Ph2),,
ITGAV_ITGB1|SPP1,1_approved_available,ITGAV: [clinical] IMGN-388 (Ph1) | ITGB1: NATALIZUMAB (appr 2004) [black-box] | SPP1: [clinical] ASK-8007 (Ph2),,
ITGB1|LGALS1,1_approved_available,ITGB1: NATALIZUMAB (appr 2004) [black-box] | LGALS1: [clinical] DAVANAT,,
ITGB1|LGALS3BP,1_approved_available,ITGB1: NATALIZUMAB (appr 2004) [black-box],,
ITGB1|VCAN,1_approved_available,ITGB1: NATALIZUMAB (appr 2004) [black-box],,
JAG1|NOTCH4,3_chembl_target_no_agent,,,
LAMA2|RPSA,3_chembl_target_no_agent,,,
LGALS1|PTPRC,2_clinical,LGALS1: [clinical] DAVANAT | PTPRC: [clinical] BC8 131I (Ph2); AHN-12 (Ph1),,
LGALS9|PTPRK,3_chembl_target_no_agent,,,
LRP1B|PLAUR,4_no_chembl_target,,,
LRP1|PSAP,2_clinical,LRP1: [clinical] ANG1005,,
MDK|PTPRZ1,3_chembl_target_no_agent,,,
NCAM1|NCAM2,2_clinical,NCAM1: [clinical] ONCOLYSIN S (Ph2); LORVOTUZUMAB MERTANSINE (Ph2),,
NCAM1|PTPRA,2_clinical,NCAM1: [clinical] ONCOLYSIN S (Ph2); LORVOTUZUMAB MERTANSINE (Ph2),,
NCAM1|PTPRZ1,2_clinical,NCAM1: [clinical] ONCOLYSIN S (Ph2); LORVOTUZUMAB MERTANSINE (Ph2),,
NCAM1|ROBO1,2_clinical,NCAM1: [clinical] ONCOLYSIN S (Ph2); LORVOTUZUMAB MERTANSINE (Ph2),,
NCL|PTN,3_chembl_target_no_agent,,,
NLGN1|NRXN1,4_no_chembl_target,,,
NLGN1|NRXN3,4_no_chembl_target,,,
NLGN4X|NRXN1,4_no_chembl_target,,,
NTRK3|PTPRD,1_approved_available,NTRK3: REPOTRECTINIB,repotrectinib (1: NCT04094610),
PSAP|SORT1,3_chembl_target_no_agent,,,
PTGER4|SPP1,2_clinical,PTGER4: [clinical] GRAPIPRANT; RIVENPROST; VORBIPIPRANT | SPP1: [clinical] ASK-8007 (Ph2),,
PTN|PTPRS,4_no_chembl_target,,,
PTN|PTPRZ1,4_no_chembl_target,,,
PTPRZ1|TNC,2_clinical,TNC: [clinical] F16IL2 (Ph2); 81C6 131I (Ph2); F16SIP 131I (Ph2); TENATUMOMAB (Ph2),,
TF|TFRC,2_clinical,TFRC: [clinical] A27.15,,
TLR2|VCAN,2_clinical,TLR2: [clinical] TOMARALIMAB; VB-201,,
