immune_leiden,sample_id,n_cells
0,3182,5
0,3282,1
0,3295,80
0,BT363,2
0,BT364,1
0,BT368,1
0,BT389,8
0,BT390,3
0,BT397,18
0,BT402,27
0,BT407,9
0,BT409,9
0,C3N-01798,27
0,C3N-01815,19
0,C3N-01816,165
0,C3N-02181,6
0,C3N-02188,21
0,C3N-02190,2
0,C3N-02769,1
0,C3N-02783,18
0,C3N-02784,83
0,C3N-03184,2
0,C3N-03186,6
0,C3N-03188,72
0,E10,13
0,E37,9
0,E39,10
0,E99,10
0,E100,12
0,G549,1
0,G566,1
0,G620,11
0,G910,33
0,G946,35
0,G967,42
0,G983,37
0,GSM4141790,3
0,JK134,1
0,JK156,1
0,LB3018T,3
0,LB3579T,8
0,LB3612T,5
0,LB3667T,62
0,LB3836T,4
0,LB3851T,28
0,LB3853T,38
0,LB3854T,12
0,LB3864T,34
0,LB3865T,6
0,LB3869T,13
0,LB3871T,136
0,LB3872T,20
0,LB3914T,24
0,LB3915T,32
0,LB3931T,7
0,LB3933T,2
0,LB3941T,10
0,LB3944T,17
0,LB3963T,2
0,LB4003T,6
0,LB4006T,12
0,LB4024T,2
0,LB4034T,4
0,LB4038T,4
0,LB4059T,21
0,LB4075T,23
0,LB4101T,27
0,LB4112T,5
0,LB4117T,6
0,LB4143T,9
0,MGH105,4
0,MGH114,7
0,MGH115,9
0,MGH124,1
0,MGH126,4
0,ND1,2
0,ND2,6
0,ND4,14
0,ND5,6
0,ND7,106
0,ND8,168
0,P234_JAK,9
0,P294,4
0,P317,286
0,P322,74
0,Patient_1,8
0,Patient_2,23
0,Patient_3,12
0,Patient_4,43
0,R1,189
0,R2,422
0,R3,68
0,R4,1090
0,R5,571
0,SF11232,8
0,SF11247,13
0,SF11644,1
0,SM006,11
0,SM011,5
0,SM012,1
0,SM017,1
0,X154,33
0,X192,33
0,X194,47
0,ndGBM-01,102
0,ndGBM-02,313
0,ndGBM-03,39
0,ndGBM-04,13
0,ndGBM-05,48
0,ndGBM-06,2
0,ndGBM-07,11
0,ndGBM-08,34
0,ndGBM-09,76
0,ndGBM-11,3
0,rGBM-01,289
0,rGBM-02,301
0,rGBM-03,110
0,rGBM-04,19
0,rGBM-05,5
1,3182,28
1,3282,13
1,3295,499
1,BT346,1
1,BT363,6
1,BT364,16
1,BT368,9
1,BT389,80
1,BT390,10
1,BT397,245
1,BT402,127
1,BT407,28
1,BT409,17
1,C3N-01798,3
1,C3N-01815,6
1,C3N-01816,91
1,C3N-02181,24
1,C3N-02188,39
1,C3N-02190,1
1,C3N-02769,7
1,C3N-02783,2
1,C3N-02784,19
1,C3N-03184,5
1,C3N-03188,14
1,E10,4484
1,E37,3729
1,E39,1974
1,E99,4754
1,E100,2846
1,G523,1
1,G583,1
1,G620,60
1,G910,96
1,G946,83
1,G967,271
1,G983,48
1,G1003,12
1,GSM4141790,2
1,JK124,1
1,JK136,3
1,JK142,4
1,LB3018T,59
1,LB3579T,96
1,LB3612T,42
1,LB3667T,396
1,LB3771T,19
1,LB3836T,75
1,LB3851T,108
1,LB3853T,95
1,LB3854T,50
1,LB3864T,242
1,LB3865T,83
1,LB3869T,79
1,LB3871T,103
1,LB3872T,226
1,LB3914T,515
1,LB3915T,139
1,LB3931T,55
1,LB3933T,46
1,LB3941T,54
1,LB3944T,340
1,LB3963T,109
1,LB4003T,108
1,LB4006T,198
1,LB4015T,23
1,LB4024T,20
1,LB4034T,157
1,LB4038T,7
1,LB4059T,117
1,LB4075T,152
1,LB4101T,52
1,LB4112T,114
1,LB4117T,34
1,LB4130T,1
1,LB4143T,50
1,LB4180T,35
1,MGH105,3
1,MGH114,33
1,MGH115,9
1,MGH118,1
1,MGH124,1
1,MGH125,18
1,MGH126,5
1,ND1,2
1,ND2,31
1,ND3,7
1,ND4,324
1,ND5,33
1,ND6,27
1,ND7,549
1,ND8,1104
1,P234_JAK,223
1,P294,1250
1,P317,2170
1,P322,352
1,Patient_1,54
1,Patient_2,70
1,Patient_3,196
1,Patient_4,76
1,R1,1964
1,R2,1518
1,R3,1204
1,R4,3183
1,R5,941
1,SF11159,2
1,SF11209,1
1,SF11232,4
1,SF11247,11
1,SF11644,6
1,SF11956,6
1,SF11979,4
1,SM006,10
1,SM011,4
1,SM012,6
1,SM017,1
1,X154,162
1,X192,76
1,X194,1212
1,ndGBM-01,211
1,ndGBM-02,1254
1,ndGBM-03,323
1,ndGBM-04,39
1,ndGBM-05,89
1,ndGBM-06,2
1,ndGBM-07,1198
1,ndGBM-08,70
1,ndGBM-09,596
1,ndGBM-11,28
1,rGBM-01,601
1,rGBM-02,4873
1,rGBM-03,155
1,rGBM-04,661
1,rGBM-05,392
2,3295,2
2,BT333,1
2,BT389,3
2,BT397,7
2,BT407,4
2,C3N-00662,4
2,C3N-01334,1
2,C3N-01816,110
2,C3N-02181,5
2,C3N-02188,1
2,C3N-02783,16
2,C3N-02784,28
2,C3N-03184,1
2,C3N-03188,1
2,E10,4
2,E99,12
2,E100,44
2,G910,49
2,G946,3
2,G983,1
2,JK124,1
2,JK163,1
2,LB3579T,1
2,LB3853T,5
2,LB3864T,5
2,LB3865T,2
2,LB3869T,6
2,LB3871T,12
2,LB3872T,3
2,LB3914T,2
2,LB3915T,4
2,LB3944T,155
2,LB4003T,9
2,LB4006T,12
2,LB4024T,1
2,LB4112T,6
2,MGH105,1
2,MGH126,68
2,ND2,2
2,ND4,1
2,ND6,2
2,ND7,13
2,ND8,10
2,P317,2
2,P322,1
2,Patient_1,38
2,Patient_3,13
2,Patient_4,113
2,R1,48
2,R2,10
2,R3,177
2,R4,112
2,R5,18
2,SF11232,1
2,SF11247,17
2,SF11644,2
2,SF11956,2
2,SM011,1
2,SM017,7
2,SM018,5
2,X194,2
2,ndGBM-01,4
2,ndGBM-02,9
2,ndGBM-03,1
2,ndGBM-05,2
2,ndGBM-07,275
2,ndGBM-09,6
2,ndGBM-11,5
2,rGBM-01,12
2,rGBM-02,347
2,rGBM-04,3
3,3182,16
3,3282,7
3,3295,84
3,BT363,3
3,BT364,13
3,BT389,66
3,BT390,3
3,BT397,404
3,BT402,115
3,BT407,44
3,BT409,11
3,C3L-03968,1
3,C3N-01798,92
3,C3N-01815,29
3,C3N-01816,64
3,C3N-02181,62
3,C3N-02188,57
3,C3N-02190,7
3,C3N-02769,5
3,C3N-02783,2
3,C3N-02784,42
3,C3N-03184,26
3,C3N-03186,2
3,C3N-03188,15
3,E10,767
3,E37,320
3,E39,723
3,E99,933
3,E100,1635
3,G523,4
3,G549,1
3,G583,1
3,G620,30
3,G910,80
3,G946,68
3,G967,134
3,G983,42
3,G1003,21
3,GSM4141788,4
3,GSM4141789,1
3,GSM4141790,6
3,JK136,3
3,JK142,5
3,LB3018T,10
3,LB3579T,61
3,LB3612T,19
3,LB3667T,275
3,LB3771T,1
3,LB3836T,24
3,LB3851T,27
3,LB3853T,36
3,LB3854T,10
3,LB3864T,68
3,LB3865T,51
3,LB3869T,43
3,LB3871T,49
3,LB3872T,324
3,LB3914T,136
3,LB3915T,71
3,LB3931T,5
3,LB3933T,30
3,LB3941T,7
3,LB3944T,150
3,LB3963T,20
3,LB4003T,56
3,LB4006T,23
3,LB4015T,2
3,LB4024T,6
3,LB4034T,88
3,LB4038T,1
3,LB4059T,25
3,LB4075T,65
3,LB4101T,12
3,LB4112T,52
3,LB4117T,10
3,LB4130T,5
3,LB4143T,31
3,LB4180T,8
3,MGH102,2
3,MGH105,7
3,MGH114,8
3,MGH115,14
3,MGH118,2
3,MGH124,10
3,MGH125,19
3,MGH126,12
3,ND1,13
3,ND2,48
3,ND3,4
3,ND4,262
3,ND5,29
3,ND6,10
3,ND7,646
3,ND8,483
3,P234_JAK,53
3,P294,256
3,P317,481
3,P322,100
3,Patient_1,35
3,Patient_2,7
3,Patient_3,25
3,Patient_4,41
3,R1,1957
3,R2,1139
3,R3,1866
3,R4,3304
3,R5,748
3,SF11232,11
3,SF11247,26
3,SF11644,7
3,SF11956,13
3,SF11979,22
3,SM011,1
3,SM012,4
3,SM017,6
3,SM018,1
3,X154,50
3,X192,23
3,X194,151
3,ndGBM-01,122
3,ndGBM-02,935
3,ndGBM-03,327
3,ndGBM-04,18
3,ndGBM-05,53
3,ndGBM-06,2
3,ndGBM-07,742
3,ndGBM-08,24
3,ndGBM-09,345
3,ndGBM-11,32
3,rGBM-01,339
3,rGBM-02,5274
3,rGBM-03,104
3,rGBM-04,203
3,rGBM-05,337
4,3182,23
4,3282,2
4,3295,14
4,BT364,1
4,BT368,1
4,BT389,7
4,BT397,55
4,BT402,15
4,BT407,7
4,BT409,1
4,C3N-01798,65
4,C3N-01815,126
4,C3N-01816,160
4,C3N-02181,26
4,C3N-02188,19
4,C3N-02190,32
4,C3N-02769,2
4,C3N-02783,3
4,C3N-02784,100
4,C3N-03184,2
4,C3N-03186,3
4,C3N-03188,32
4,E10,18
4,E37,136
4,E39,92
4,E99,192
4,E100,448
4,G523,2
4,G549,1
4,G566,4
4,G620,3
4,G910,9
4,G945,1
4,G946,6
4,G967,6
4,G983,1
4,JK126,1
4,JK142,3
4,LB3579T,6
4,LB3612T,2
4,LB3667T,62
4,LB3836T,3
4,LB3851T,8
4,LB3853T,5
4,LB3854T,1
4,LB3864T,11
4,LB3865T,18
4,LB3869T,12
4,LB3871T,14
4,LB3872T,55
4,LB3915T,18
4,LB3931T,3
4,LB3933T,4
4,LB3944T,8
4,LB3963T,2
4,LB4003T,17
4,LB4006T,12
4,LB4024T,3
4,LB4034T,2
4,LB4038T,1
4,LB4059T,11
4,LB4075T,18
4,LB4112T,34
4,LB4117T,1
4,LB4143T,8
4,MGH102,1
4,MGH114,1
4,MGH115,2
4,MGH124,1
4,ND2,15
4,ND3,1
4,ND4,97
4,ND5,3
4,ND6,7
4,ND7,112
4,ND8,126
4,P234_JAK,3
4,P294,13
4,P317,62
4,P322,5
4,Patient_1,4
4,Patient_2,12
4,Patient_3,36
4,Patient_4,4
4,R1,204
4,R2,257
4,R3,298
4,R4,637
4,R5,103
4,SF11247,2
4,SF11979,1
4,SM012,1
4,SM017,1
4,X154,3
4,X192,4
4,X194,3
4,ndGBM-01,2
4,ndGBM-02,53
4,ndGBM-03,22
4,ndGBM-05,3
4,ndGBM-07,91
4,ndGBM-08,2
4,ndGBM-09,6
4,rGBM-01,108
4,rGBM-02,56
4,rGBM-03,2
4,rGBM-04,44
4,rGBM-05,25
5,3295,6
5,BT368,2
5,BT389,6
5,BT397,2
5,BT402,13
5,BT409,1
5,C3N-01814,2
5,C3N-01816,6
5,C3N-02188,2
5,C3N-02784,4
5,C3N-03188,1
5,E39,1
5,E99,3
5,E100,31
5,G910,6
5,G945,2
5,G946,2
5,G967,42
5,G983,22
5,G1003,2
5,JK136,6
5,JK142,1
5,LB3018T,11
5,LB3579T,69
5,LB3612T,14
5,LB3667T,258
5,LB3771T,1
5,LB3836T,23
5,LB3851T,11
5,LB3853T,132
5,LB3854T,22
5,LB3864T,200
5,LB3865T,124
5,LB3869T,50
5,LB3871T,74
5,LB3872T,579
5,LB3914T,293
5,LB3915T,128
5,LB3931T,27
5,LB3933T,40
5,LB3941T,53
5,LB3944T,247
5,LB3963T,16
5,LB4003T,47
5,LB4006T,17
5,LB4015T,2
5,LB4024T,16
5,LB4034T,118
5,LB4038T,16
5,LB4059T,138
5,LB4075T,294
5,LB4101T,28
5,LB4112T,52
5,LB4117T,19
5,LB4143T,1
5,LB4180T,26
5,MGH102,1
5,MGH105,4
5,MGH125,2
5,MGH126,7
5,ND2,3
5,ND4,4
5,ND7,12
5,ND8,6
5,P234_JAK,118
5,P294,321
5,P317,101
5,P322,33
5,Patient_1,13
5,Patient_2,28
5,Patient_3,67
5,Patient_4,9
5,R2,11
5,R3,50
5,R4,20
5,R5,4
5,SF11644,1
5,SF11956,1
5,SM011,1
5,SM017,2
5,SM018,2
5,X154,7
5,X192,4
5,X194,14
5,ndGBM-01,71
5,ndGBM-02,93
5,ndGBM-03,28
5,ndGBM-04,3
5,ndGBM-05,37
5,ndGBM-07,72
5,ndGBM-08,15
5,ndGBM-09,20
5,ndGBM-11,4
5,rGBM-01,180
5,rGBM-02,447
5,rGBM-03,18
5,rGBM-04,17
5,rGBM-05,5
6,3182,13
6,3282,10
6,3295,930
6,BT346,3
6,BT363,198
6,BT364,294
6,BT368,86
6,BT389,475
6,BT390,695
6,BT397,291
6,BT407,197
6,BT409,180
6,C3L-02705,12
6,C3L-03405,27
6,C3L-03968,12
6,C3N-00662,24
6,C3N-01334,29
6,C3N-01798,12
6,C3N-01814,164
6,C3N-01815,26
6,C3N-01816,565
6,C3N-02181,303
6,C3N-02188,208
6,C3N-02190,47
6,C3N-02769,78
6,C3N-02783,13
6,C3N-02784,366
6,C3N-03184,3
6,C3N-03186,146
6,E39,2
6,E99,1
6,E100,15
6,G549,1
6,G566,32
6,G583,30
6,G620,7
6,G637,1
6,G729,55
6,G797,11
6,G851,3
6,G910,271
6,G945,206
6,G946,360
6,G967,5
6,G983,139
6,G1003,401
6,GSM4141788,22
6,GSM4141789,30
6,GSM4141790,93
6,JK124,14
6,JK125,1
6,JK126,70
6,JK134,5
6,JK136,22
6,JK142,18
6,JK152,5
6,JK153,18
6,JK156,15
6,JK163,30
6,LB3579T,98
6,LB3612T,139
6,LB3667T,43
6,LB3771T,13
6,LB3836T,316
6,LB3851T,20
6,LB3853T,18
6,LB3854T,83
6,LB3864T,193
6,LB3865T,372
6,LB3869T,64
6,LB3871T,134
6,LB3872T,4
6,LB3914T,87
6,LB3915T,650
6,LB3931T,354
6,LB3933T,186
6,LB3944T,107
6,LB3963T,223
6,LB4003T,141
6,LB4006T,8
6,LB4015T,18
6,LB4024T,28
6,LB4034T,468
6,LB4038T,141
6,LB4059T,86
6,LB4075T,288
6,LB4101T,365
6,LB4112T,49
6,LB4130T,53
6,LB4143T,136
6,LB4180T,30
6,MGH102,89
6,MGH105,229
6,MGH114,3
6,MGH115,103
6,MGH118,1
6,MGH124,345
6,MGH125,4
6,MGH126,10
6,MGH143,1
6,ND1,120
6,ND2,79
6,ND3,114
6,ND4,287
6,ND5,200
6,ND6,31
6,ND7,213
6,ND8,1
6,P234_JAK,3
6,P294,1805
6,P317,994
6,P322,171
6,Patient_1,900
6,Patient_2,602
6,Patient_3,548
6,Patient_4,729
6,R1,65
6,R2,1924
6,R3,512
6,R4,408
6,R5,595
6,SF10022,15
6,SF10127,1
6,SF11159,24
6,SF11209,71
6,SF11232,93
6,SF11247,478
6,SF11644,7
6,SF11956,3
6,SF11979,6
6,SM006,216
6,SM011,58
6,SM012,72
6,SM017,186
6,SM018,119
6,X154,112
6,X192,97
6,X194,21
6,ndGBM-01,113
6,ndGBM-02,792
6,ndGBM-03,103
6,ndGBM-04,137
6,ndGBM-05,112
6,ndGBM-06,29
6,ndGBM-07,265
6,ndGBM-08,527
6,ndGBM-09,80
6,rGBM-01,11146
6,rGBM-02,120
6,rGBM-03,371
6,rGBM-04,82
6,rGBM-05,505
7,3182,97
7,3282,30
7,3295,209
7,BT363,14
7,BT364,29
7,BT368,2
7,BT389,42
7,BT390,12
7,BT397,1089
7,BT402,20
7,BT407,155
7,BT409,8
7,C3L-02705,6
7,C3L-03405,5
7,C3L-03968,1
7,C3N-01334,1
7,C3N-01798,8
7,C3N-01814,7
7,C3N-01815,3
7,C3N-01816,3
7,C3N-02181,514
7,C3N-02188,20
7,C3N-02190,8
7,C3N-02769,2
7,C3N-02783,2
7,C3N-02784,18
7,C3N-03184,3
7,C3N-03186,3
7,C3N-03188,5
7,E37,2
7,E100,13
7,G566,3
7,G620,4
7,G729,1
7,G910,69
7,G945,4
7,G946,31
7,G967,59
7,G983,43
7,G1003,11
7,GSM4141789,1
7,GSM4141790,4
7,JK125,1
7,JK126,11
7,JK142,6
7,LB3018T,25
7,LB3579T,745
7,LB3612T,41
7,LB3667T,38
7,LB3836T,135
7,LB3851T,11
7,LB3853T,63
7,LB3854T,53
7,LB3864T,34
7,LB3865T,106
7,LB3869T,17
7,LB3871T,10
7,LB3872T,35
7,LB3914T,38
7,LB3915T,92
7,LB3931T,38
7,LB3933T,45
7,LB3941T,22
7,LB3944T,39
7,LB3963T,17
7,LB4003T,17
7,LB4006T,23
7,LB4024T,23
7,LB4034T,93
7,LB4038T,3
7,LB4059T,164
7,LB4075T,25
7,LB4101T,50
7,LB4112T,104
7,LB4117T,24
7,LB4130T,14
7,LB4143T,104
7,LB4180T,8
7,MGH102,3
7,MGH105,10
7,MGH114,2
7,MGH115,5
7,MGH124,23
7,MGH125,2
7,MGH126,6
7,MGH143,1
7,ND2,17
7,ND3,1
7,ND4,21
7,ND5,13
7,ND6,5
7,ND7,327
7,ND8,661
7,P234_JAK,80
7,P294,89
7,P317,474
7,P322,248
7,Patient_1,1318
7,Patient_2,406
7,Patient_3,411
7,Patient_4,924
7,R1,378
7,R2,1281
7,R3,320
7,R4,376
7,R5,2360
7,SF10022,2
7,SF11209,1
7,SF11232,13
7,SF11247,40
7,SF11644,1
7,SF11979,1
7,SM006,121
7,SM011,12
7,SM012,54
7,SM017,287
7,SM018,12
7,X154,113
7,X192,63
7,X194,88
7,ndGBM-01,32
7,ndGBM-02,459
7,ndGBM-03,14
7,ndGBM-04,6
7,ndGBM-05,18
7,ndGBM-06,3
7,ndGBM-07,196
7,ndGBM-08,34
7,ndGBM-09,230
7,rGBM-01,246
7,rGBM-02,4827
7,rGBM-03,98
7,rGBM-04,138
7,rGBM-05,139
8,BT397,1
8,C3N-03184,152
8,LB3914T,1
8,R2,2
8,R3,1
8,rGBM-02,1
9,3182,139
9,3282,31
9,3295,25
9,BT363,2
9,BT364,40
9,BT368,15
9,BT389,293
9,BT390,57
9,BT397,100
9,BT402,5
9,BT407,192
9,BT409,18
9,C3N-00662,1
9,C3N-01798,1
9,C3N-01816,25
9,C3N-02181,1
9,C3N-02188,3
9,C3N-02783,1
9,C3N-02784,18
9,E10,2
9,E100,4
9,G620,2
9,G910,21
9,G945,64
9,G946,950
9,G967,161
9,G983,634
9,G1003,43
9,GSM4141789,1
9,GSM4141790,8
9,JK124,1
9,JK136,5
9,JK142,14
9,JK152,5
9,JK156,1
9,JK163,1
9,LB3018T,4
9,LB3579T,114
9,LB3612T,44
9,LB3667T,64
9,LB3771T,4
9,LB3836T,158
9,LB3851T,100
9,LB3853T,625
9,LB3854T,166
9,LB3864T,526
9,LB3865T,148
9,LB3869T,32
9,LB3871T,179
9,LB3872T,134
9,LB3914T,83
9,LB3915T,2482
9,LB3931T,29
9,LB3933T,25
9,LB3941T,78
9,LB3944T,108
9,LB3963T,197
9,LB4003T,144
9,LB4006T,53
9,LB4015T,10
9,LB4024T,12
9,LB4034T,178
9,LB4038T,6
9,LB4059T,1049
9,LB4075T,334
9,LB4101T,34
9,LB4112T,5
9,LB4117T,2
9,LB4130T,2
9,LB4143T,61
9,LB4180T,54
9,MGH102,3
9,MGH105,23
9,MGH114,4
9,MGH115,3
9,MGH124,3
9,MGH125,107
9,ND1,5
9,ND2,134
9,ND3,10
9,ND4,87
9,ND5,35
9,ND6,4
9,ND7,96
9,ND8,14
9,P234_JAK,49
9,P294,128
9,P317,257
9,P322,72
9,Patient_1,555
9,Patient_2,231
9,Patient_3,6102
9,Patient_4,1261
9,R1,5
9,R2,81
9,R3,202
9,R4,323
9,R5,35
9,SF11209,4
9,SF11232,6
9,SF11247,32
9,SF11644,3
9,SF11956,3
9,SF11979,1
9,SM006,23
9,SM011,8
9,SM012,20
9,SM017,166
9,SM018,15
9,X154,26
9,X192,28
9,X194,65
9,ndGBM-01,18
9,ndGBM-02,659
9,ndGBM-03,35
9,ndGBM-04,49
9,ndGBM-05,56
9,ndGBM-06,1
9,ndGBM-07,608
9,ndGBM-08,101
9,ndGBM-09,100
9,ndGBM-11,3
9,rGBM-01,155
9,rGBM-02,91
9,rGBM-03,64
9,rGBM-04,46
9,rGBM-05,26
10,3182,3
10,3282,3
10,3295,3
10,BT363,1
10,BT364,20
10,BT368,3
10,BT389,15
10,BT390,42
10,BT397,336
10,BT402,3
10,BT407,176
10,BT409,14
10,C3N-01814,2
10,C3N-01816,7
10,C3N-02181,2
10,C3N-02188,4
10,C3N-02783,1
10,C3N-02784,57
10,C3N-03186,1
10,C3N-03188,2
10,G620,2
10,G729,3
10,G851,1
10,G910,8
10,G945,6
10,G946,4
10,G983,17
10,G1003,1
10,JK125,3
10,JK126,2
10,JK142,12
10,LB3018T,16
10,LB3579T,71
10,LB3612T,34
10,LB3667T,88
10,LB3771T,10
10,LB3836T,61
10,LB3851T,69
10,LB3854T,11
10,LB3864T,63
10,LB3865T,29
10,LB3869T,9
10,LB3871T,10
10,LB3872T,11
10,LB3914T,24
10,LB3915T,17
10,LB3931T,4
10,LB3933T,3
10,LB3941T,3
10,LB3944T,11
10,LB3963T,35
10,LB4003T,296
10,LB4006T,15
10,LB4015T,37
10,LB4024T,17
10,LB4034T,69
10,LB4059T,121
10,LB4075T,320
10,LB4101T,8
10,LB4112T,12
10,LB4117T,5
10,LB4130T,3
10,LB4143T,15
10,LB4180T,11
10,MGH102,1
10,MGH105,3
10,MGH114,6
10,MGH115,3
10,MGH124,2
10,MGH125,16
10,MGH143,1
10,ND1,2
10,ND2,31
10,ND3,3
10,ND4,17
10,ND5,38
10,ND6,27
10,ND7,31
10,ND8,277
10,P234_JAK,3
10,P294,14
10,P317,60
10,P322,10
10,Patient_1,549
10,Patient_2,76
10,Patient_3,264
10,Patient_4,154
10,R1,1
10,R2,117
10,R3,113
10,R4,307
10,R5,1827
10,SF10022,3
10,SF11232,13
10,SF11247,9
10,SF11979,1
10,SM006,41
10,SM011,16
10,SM012,21
10,SM017,238
10,SM018,5
10,X154,17
10,X192,14
10,X194,2
10,ndGBM-01,4
10,ndGBM-02,101
10,ndGBM-03,117
10,ndGBM-04,60
10,ndGBM-05,3
10,ndGBM-06,11
10,ndGBM-07,1331
10,ndGBM-08,67
10,ndGBM-09,509
10,ndGBM-11,4
10,rGBM-01,155
10,rGBM-02,2051
10,rGBM-03,56
10,rGBM-04,1035
10,rGBM-05,2223
11,3182,12
11,3282,15
11,3295,9
11,BT346,1
11,BT363,280
11,BT364,24
11,BT368,4
11,BT389,42
11,BT390,19
11,BT397,76
11,BT402,9
11,BT407,45
11,BT409,9
11,C3L-02705,5
11,C3L-03405,3
11,C3N-00662,1
11,C3N-01334,1
11,C3N-01798,4
11,C3N-01814,4
11,C3N-01815,5
11,C3N-01816,14
11,C3N-02181,4
11,C3N-02188,2
11,C3N-02769,3
11,C3N-02783,1
11,C3N-02784,2
11,C3N-03186,4
11,C3N-03188,4
11,E100,2
11,G523,1
11,G566,1
11,G729,4
11,G910,105
11,G945,62
11,G946,392
11,G967,189
11,G983,185
11,G1003,38
11,GSM4141790,15
11,JK125,3
11,JK126,15
11,JK134,14
11,JK136,205
11,JK142,249
11,JK152,2
11,JK153,49
11,JK156,34
11,JK163,66
11,LB3018T,26
11,LB3579T,191
11,LB3612T,71
11,LB3667T,437
11,LB3771T,29
11,LB3836T,129
11,LB3851T,124
11,LB3853T,978
11,LB3854T,498
11,LB3864T,495
11,LB3865T,244
11,LB3869T,72
11,LB3871T,1215
11,LB3872T,725
11,LB3914T,201
11,LB3915T,409
11,LB3931T,126
11,LB3933T,2303
11,LB3941T,771
11,LB3944T,211
11,LB3963T,415
11,LB4003T,162
11,LB4006T,26
11,LB4015T,23
11,LB4024T,20
11,LB4034T,139
11,LB4038T,66
11,LB4059T,79
11,LB4075T,101
11,LB4101T,227
11,LB4112T,36
11,LB4117T,65
11,LB4130T,84
11,LB4143T,59
11,LB4180T,50
11,MGH102,4
11,MGH105,230
11,MGH114,17
11,MGH115,9
11,MGH124,35
11,MGH125,4
11,MGH126,4
11,ND1,12
11,ND2,105
11,ND4,19
11,ND5,3
11,ND6,2
11,ND7,22
11,ND8,4
11,P234_JAK,18
11,P294,72
11,P317,46
11,P322,14
11,Patient_1,394
11,Patient_2,684
11,Patient_3,111
11,Patient_4,105
11,R2,65
11,R3,1
11,R4,15
11,R5,20
11,SF11159,2
11,SF11209,94
11,SF11247,11
11,SF11644,4
11,SF11956,1
11,SF11979,2
11,SM006,1154
11,SM011,31
11,SM012,279
11,SM017,158
11,SM018,127
11,X154,21
11,X192,26
11,X194,5
11,ndGBM-01,46
11,ndGBM-02,431
11,ndGBM-03,201
11,ndGBM-04,81
11,ndGBM-05,131
11,ndGBM-06,1
11,ndGBM-07,136
11,ndGBM-08,52
11,ndGBM-09,127
11,ndGBM-11,47
11,rGBM-01,156
11,rGBM-02,77
11,rGBM-03,82
11,rGBM-04,391
11,rGBM-05,28
12,3182,593
12,3282,1519
12,3295,18
12,BT346,1
12,BT363,100
12,BT364,19
12,BT368,3
12,BT389,44
12,BT390,62
12,BT397,50
12,BT402,5
12,BT407,21
12,BT409,9
12,C3L-02705,1
12,C3L-03405,1
12,C3N-01798,7
12,C3N-01814,7
12,C3N-01815,2
12,C3N-01816,9
12,C3N-02181,2
12,C3N-02188,12
12,C3N-02190,5
12,C3N-02769,4
12,C3N-02783,2
12,C3N-02784,2
12,G549,1
12,G620,26
12,G910,14
12,G945,42
12,G946,79
12,G967,85
12,G983,50
12,G1003,54
12,JK124,1
12,JK125,1
12,JK126,2
12,JK136,58
12,JK142,15
12,JK153,3
12,JK156,5
12,JK163,1
12,LB3018T,300
12,LB3579T,210
12,LB3612T,82
12,LB3667T,1919
12,LB3771T,4
12,LB3836T,2
12,LB3851T,33
12,LB3853T,715
12,LB3854T,901
12,LB3864T,618
12,LB3865T,420
12,LB3869T,46
12,LB3871T,10
12,LB3872T,62
12,LB3914T,99
12,LB3915T,32
12,LB3931T,92
12,LB3933T,1271
12,LB3941T,651
12,LB3944T,164
12,LB3963T,17
12,LB4003T,63
12,LB4006T,8
12,LB4015T,4
12,LB4024T,13
12,LB4034T,541
12,LB4038T,232
12,LB4059T,186
12,LB4075T,400
12,LB4101T,936
12,LB4112T,25
12,LB4117T,31
12,LB4130T,7
12,LB4143T,16
12,LB4180T,31
12,MGH102,212
12,MGH105,22
12,MGH114,1
12,MGH115,25
12,MGH124,222
12,MGH125,9
12,ND1,60
12,ND2,68
12,ND4,22
12,ND7,68
12,ND8,13
12,P234_JAK,55
12,P294,233
12,P317,111
12,P322,21
12,Patient_1,204
12,Patient_2,145
12,Patient_3,129
12,Patient_4,70
12,R1,1
12,R2,36
12,R3,12
12,R4,12
12,R5,4
12,SF11159,83
12,SF11209,2
12,SF11247,10
12,SF11644,31
12,SF11956,5
12,SF11979,16
12,SM006,8
12,SM011,4
12,SM017,12
12,SM018,37
12,X154,748
12,X192,1114
12,X194,4
12,ndGBM-01,80
12,ndGBM-02,2974
12,ndGBM-03,24
12,ndGBM-04,69
12,ndGBM-05,1326
12,ndGBM-06,1
12,ndGBM-07,5
12,ndGBM-08,197
12,ndGBM-09,64
12,ndGBM-11,16
12,rGBM-01,96
12,rGBM-02,5
12,rGBM-03,12
12,rGBM-04,11
13,3182,37
13,3282,14
13,3295,38
13,BT364,8
13,BT368,1
13,BT389,13
13,BT390,3
13,BT397,216
13,BT402,12
13,BT407,36
13,BT409,2
13,C3L-03405,1
13,C3N-01334,1
13,C3N-01798,35
13,C3N-01815,2
13,C3N-01816,11
13,C3N-02181,28
13,C3N-02188,39
13,C3N-02190,7
13,C3N-02769,1
13,C3N-02783,5
13,C3N-02784,19
13,C3N-03184,1
13,C3N-03186,2
13,C3N-03188,5
13,E99,1
13,E100,1
13,G566,3
13,G620,48
13,G729,2
13,G910,3
13,G945,5
13,G946,36
13,G967,31
13,G983,3
13,G1003,6
13,JK136,8
13,JK142,6
13,JK153,1
13,JK163,3
13,LB3018T,3
13,LB3579T,79
13,LB3612T,19
13,LB3667T,184
13,LB3771T,1
13,LB3836T,25
13,LB3851T,6
13,LB3853T,58
13,LB3854T,27
13,LB3864T,19
13,LB3865T,16
13,LB3869T,59
13,LB3871T,7
13,LB3872T,39
13,LB3914T,157
13,LB3915T,16
13,LB3931T,11
13,LB3933T,6
13,LB3941T,1
13,LB3944T,43
13,LB3963T,4
13,LB4003T,13
13,LB4006T,26
13,LB4015T,1
13,LB4024T,1
13,LB4034T,42
13,LB4038T,3
13,LB4059T,51
13,LB4075T,9
13,LB4101T,1
13,LB4112T,14
13,LB4130T,1
13,LB4143T,48
13,LB4180T,7
13,MGH102,3
13,MGH105,29
13,MGH114,21
13,MGH124,35
13,MGH125,5
13,MGH143,7
13,ND1,4
13,ND2,12
13,ND3,5
13,ND4,13
13,ND5,1
13,ND7,258
13,ND8,90
13,P234_JAK,1
13,P294,18
13,P317,147
13,P322,20
13,Patient_1,116
13,Patient_2,32
13,Patient_3,82
13,Patient_4,36
13,R1,10
13,R2,82
13,R3,235
13,R4,234
13,R5,643
13,SF10022,1
13,SF11232,1
13,SF11247,11
13,SF11644,1
13,SF11956,1
13,SF11979,1
13,SM006,6
13,SM011,2
13,SM012,7
13,SM017,40
13,SM018,3
13,X154,11
13,X192,9
13,X194,10
13,ndGBM-01,9
13,ndGBM-02,145
13,ndGBM-03,5
13,ndGBM-04,3
13,ndGBM-05,26
13,ndGBM-07,123
13,ndGBM-08,10
13,ndGBM-09,27
13,ndGBM-11,2
13,rGBM-01,114
13,rGBM-02,549
13,rGBM-03,2
13,rGBM-04,18
13,rGBM-05,12
14,3182,69
14,3282,26
14,3295,4
14,BT363,21
14,BT364,521
14,BT368,53
14,BT389,1257
14,BT390,401
14,BT397,3118
14,BT402,146
14,BT407,2240
14,BT409,451
14,C3N-00662,1
14,C3N-01814,11
14,C3N-01816,32
14,C3N-02181,1
14,C3N-02784,12
14,C3N-03186,1
14,C3N-03188,7
14,E39,1
14,E100,1
14,G549,2
14,G583,1
14,G620,4
14,G729,13
14,G910,412
14,G945,32
14,G946,458
14,G967,34
14,G983,113
14,G1003,71
14,GSM4141788,12
14,GSM4141789,2
14,GSM4141790,37
14,JK125,5
14,JK126,2
14,JK134,15
14,JK136,16
14,JK142,100
14,JK152,1
14,JK153,16
14,JK156,33
14,JK163,33
14,LB3018T,4
14,LB3579T,35
14,LB3612T,21
14,LB3667T,84
14,LB3836T,154
14,LB3851T,68
14,LB3853T,8
14,LB3854T,32
14,LB3864T,75
14,LB3865T,103
14,LB3869T,3
14,LB3871T,120
14,LB3872T,132
14,LB3914T,60
14,LB3915T,231
14,LB3931T,67
14,LB3933T,81
14,LB3941T,115
14,LB3944T,45
14,LB3963T,8
14,LB4003T,40
14,LB4006T,20
14,LB4015T,3
14,LB4024T,1
14,LB4034T,95
14,LB4038T,5
14,LB4059T,46
14,LB4075T,136
14,LB4101T,49
14,LB4112T,21
14,LB4117T,13
14,LB4180T,11
14,MGH102,122
14,MGH105,90
14,MGH114,25
14,MGH115,17
14,MGH118,64
14,MGH124,34
14,MGH125,66
14,MGH126,1
14,ND1,43
14,ND2,272
14,ND3,48
14,ND4,39
14,ND5,141
14,ND6,1409
14,ND7,533
14,ND8,2397
14,P234_JAK,142
14,P294,129
14,P317,44
14,P322,39
14,Patient_1,1448
14,Patient_2,233
14,Patient_3,304
14,Patient_4,605
14,R1,1
14,R2,1046
14,R3,645
14,R4,1887
14,R5,144
14,SF6996,1
14,SF10022,1
14,SF11159,3
14,SF11209,1
14,SF11232,5
14,SF11247,680
14,SF11644,52
14,SF11956,9
14,SF11979,7
14,SM006,13
14,SM011,199
14,SM012,156
14,SM017,185
14,SM018,309
14,X154,119
14,X192,188
14,X194,6
14,ndGBM-01,100
14,ndGBM-02,612
14,ndGBM-03,162
14,ndGBM-04,306
14,ndGBM-05,65
14,ndGBM-06,7
14,ndGBM-07,1211
14,ndGBM-08,823
14,ndGBM-09,90
14,ndGBM-11,207
14,rGBM-01,1221
14,rGBM-02,9
14,rGBM-03,485
14,rGBM-04,2116
14,rGBM-05,2
15,3182,92
15,3282,7
15,3295,1
15,BT363,13
15,BT364,12
15,BT368,3
15,BT389,186
15,BT390,282
15,BT397,5
15,BT402,75
15,BT407,310
15,BT409,170
15,C3L-02705,8
15,C3L-03405,1
15,C3N-00662,5
15,C3N-01814,7
15,C3N-01815,1
15,C3N-01816,17
15,C3N-02188,1
15,C3N-02190,1
15,C3N-02783,4
15,C3N-02784,2
15,C3N-03188,24
15,G523,1
15,G549,4
15,G620,1
15,G729,4
15,G799,1
15,G910,59
15,G945,34
15,G946,181
15,G967,118
15,G983,200
15,G1003,805
15,GSM4141788,6
15,GSM4141790,59
15,JK125,1
15,JK126,2
15,JK134,1
15,JK136,15
15,JK142,8
15,JK153,32
15,JK156,8
15,JK163,4
15,LB3018T,2
15,LB3579T,51
15,LB3612T,16
15,LB3667T,91
15,LB3771T,1
15,LB3836T,1
15,LB3851T,247
15,LB3853T,129
15,LB3854T,59
15,LB3864T,69
15,LB3865T,15
15,LB3869T,2
15,LB3871T,45
15,LB3872T,67
15,LB3914T,8
15,LB3915T,43
15,LB3931T,41
15,LB3933T,170
15,LB3941T,631
15,LB3944T,25
15,LB3963T,4
15,LB4003T,4
15,LB4006T,3
15,LB4024T,1
15,LB4034T,83
15,LB4038T,6
15,LB4059T,15
15,LB4075T,7
15,LB4101T,158
15,LB4112T,10
15,LB4117T,29
15,LB4180T,16
15,MGH105,58
15,MGH115,12
15,MGH118,52
15,MGH124,7
15,MGH125,72
15,ND1,305
15,ND2,430
15,ND3,28
15,ND4,34
15,ND5,13
15,ND7,5699
15,ND8,42
15,P234_JAK,124
15,P294,30
15,P317,21
15,P322,3
15,Patient_1,331
15,Patient_2,217
15,Patient_3,386
15,Patient_4,74
15,R2,11
15,R3,100
15,R4,10
15,SF4297,2
15,SF9259R,1
15,SF11159,1
15,SF11209,2
15,SF11247,27
15,SF11644,13
15,SF11956,9
15,SF11979,29
15,SM006,69
15,SM011,19
15,SM012,27
15,SM017,9
15,SM018,36
15,X154,31
15,X192,43
15,ndGBM-01,4582
15,ndGBM-02,1953
15,ndGBM-03,1612
15,ndGBM-04,49
15,ndGBM-05,133
15,ndGBM-06,2
15,ndGBM-07,22
15,ndGBM-08,145
15,ndGBM-09,1149
15,ndGBM-10,1
15,ndGBM-11,3306
15,rGBM-01,124
15,rGBM-02,17
15,rGBM-03,1016
15,rGBM-04,300
16,3182,8
16,3282,76
16,3295,212
16,BT333,1
16,BT363,11
16,BT364,50
16,BT368,17
16,BT389,99
16,BT390,25
16,BT397,309
16,BT402,86
16,BT407,146
16,BT409,54
16,C3L-02705,27
16,C3L-03405,26
16,C3L-03968,14
16,C3N-00662,20
16,C3N-01334,1
16,C3N-01798,25
16,C3N-01814,33
16,C3N-01815,36
16,C3N-01816,242
16,C3N-02181,105
16,C3N-02188,117
16,C3N-02190,29
16,C3N-02769,10
16,C3N-02783,5
16,C3N-02784,509
16,C3N-03184,1
16,C3N-03186,65
16,C3N-03188,18
16,E100,3
16,G523,4
16,G549,1
16,G566,152
16,G583,8
16,G620,12
16,G637,2
16,G729,64
16,G797,1
16,G799,3
16,G851,8
16,G910,120
16,G945,43
16,G946,84
16,G967,48
16,G983,154
16,G1003,144
16,GSM4141788,7
16,GSM4141789,9
16,GSM4141790,82
16,JK124,29
16,JK125,10
16,JK126,589
16,JK134,17
16,JK136,127
16,JK142,109
16,JK152,40
16,JK153,62
16,JK156,60
16,JK163,78
16,LB3018T,2
16,LB3579T,124
16,LB3612T,96
16,LB3667T,238
16,LB3771T,4
16,LB3836T,107
16,LB3851T,25
16,LB3853T,20
16,LB3854T,131
16,LB3864T,83
16,LB3865T,219
16,LB3869T,117
16,LB3871T,380
16,LB3872T,178
16,LB3914T,31
16,LB3915T,220
16,LB3931T,260
16,LB3933T,114
16,LB3941T,28
16,LB3944T,40
16,LB3963T,168
16,LB4003T,91
16,LB4006T,6
16,LB4015T,4
16,LB4024T,7
16,LB4034T,116
16,LB4038T,58
16,LB4059T,28
16,LB4075T,238
16,LB4101T,92
16,LB4112T,96
16,LB4130T,15
16,LB4143T,130
16,LB4180T,6
16,MGH102,27
16,MGH105,159
16,MGH115,56
16,MGH118,14
16,MGH124,235
16,MGH125,5
16,MGH126,2
16,ND1,7
16,ND2,78
16,ND3,19
16,ND4,244
16,ND5,70
16,ND6,24
16,ND7,344
16,ND8,361
16,P234_JAK,5
16,P294,223
16,P317,465
16,P322,125
16,Patient_1,634
16,Patient_2,1285
16,Patient_3,565
16,Patient_4,312
16,R2,718
16,R3,294
16,R4,1394
16,R5,147
16,SF6996,7
16,SF10022,2
16,SF10127,2
16,SF11159,13
16,SF11209,2
16,SF11247,407
16,SF11644,4
16,SF11979,2
16,SM006,153
16,SM011,65
16,SM012,39
16,SM017,143
16,SM018,14
16,X154,126
16,X192,124
16,ndGBM-01,69
16,ndGBM-02,361
16,ndGBM-03,168
16,ndGBM-04,317
16,ndGBM-05,87
16,ndGBM-06,7
16,ndGBM-07,616
16,ndGBM-08,96
16,ndGBM-09,44
16,ndGBM-10,1
16,ndGBM-11,1
16,rGBM-01,5381
16,rGBM-02,112
16,rGBM-03,52
16,rGBM-04,435
16,rGBM-05,677
17,3182,34
17,3282,307
17,3295,24
17,BT363,13
17,BT364,156
17,BT368,49
17,BT389,563
17,BT390,92
17,BT397,325
17,BT402,3307
17,BT407,329
17,BT409,279
17,C3L-02705,2
17,C3L-03405,4
17,C3N-00662,5
17,C3N-01798,6
17,C3N-01814,2
17,C3N-01815,3
17,C3N-01816,79
17,C3N-02188,44
17,C3N-02769,1
17,C3N-02783,3
17,C3N-02784,54
17,C3N-03188,46
17,E10,1
17,E100,2
17,G523,70
17,G566,1
17,G583,1
17,G620,17
17,G729,9
17,G851,3
17,G910,800
17,G945,133
17,G946,78
17,G967,267
17,G983,171
17,G1003,94
17,GSM4141788,15
17,GSM4141789,19
17,GSM4141790,53
17,JK124,50
17,JK125,5
17,JK126,75
17,JK134,2
17,JK136,479
17,JK142,146
17,JK152,15
17,JK153,46
17,JK163,228
17,LB3018T,3
17,LB3579T,112
17,LB3612T,124
17,LB3667T,693
17,LB3771T,1
17,LB3836T,19
17,LB3851T,12
17,LB3853T,208
17,LB3854T,106
17,LB3864T,401
17,LB3865T,262
17,LB3869T,45
17,LB3871T,3020
17,LB3872T,3749
17,LB3914T,193
17,LB3915T,145
17,LB3931T,15
17,LB3933T,54
17,LB3941T,309
17,LB3944T,256
17,LB3963T,17
17,LB4003T,282
17,LB4006T,16
17,LB4015T,1
17,LB4024T,17
17,LB4034T,106
17,LB4038T,186
17,LB4059T,102
17,LB4075T,493
17,LB4101T,118
17,LB4112T,1575
17,LB4117T,7
17,LB4130T,1
17,LB4143T,37
17,LB4180T,52
17,MGH102,38
17,MGH105,138
17,MGH114,183
17,MGH115,292
17,MGH118,38
17,MGH124,69
17,MGH125,98
17,MGH126,3
17,MGH143,1
17,ND1,10
17,ND2,259
17,ND3,28
17,ND4,1725
17,ND5,122
17,ND6,49
17,ND7,1257
17,ND8,971
17,P234_JAK,330
17,P294,43
17,P317,200
17,P322,196
17,Patient_1,204
17,Patient_2,429
17,Patient_3,1340
17,Patient_4,312
17,R1,19
17,R2,1554
17,R3,2743
17,R4,2232
17,R5,543
17,SF10022,1
17,SF11159,5
17,SF11232,4
17,SF11247,84
17,SF11644,104
17,SF11956,90
17,SF11979,106
17,SM006,185
17,SM011,162
17,SM012,220
17,SM017,336
17,SM018,32
17,X154,111
17,X192,81
17,X194,12
17,ndGBM-01,114
17,ndGBM-02,512
17,ndGBM-03,1584
17,ndGBM-04,1241
17,ndGBM-05,155
17,ndGBM-07,383
17,ndGBM-08,803
17,ndGBM-09,79
17,ndGBM-10,2
17,ndGBM-11,2
17,rGBM-01,3211
17,rGBM-02,276
17,rGBM-03,100
17,rGBM-04,637
17,rGBM-05,44
18,3282,6
18,3295,1
18,BT363,1
18,BT364,4
18,BT368,8
18,BT389,25
18,BT397,4
18,BT409,1
18,C3N-02783,1
18,C3N-02784,3
18,G620,7
18,G729,1
18,G945,2
18,G946,4
18,G967,7
18,LB3579T,1
18,LB3667T,12
18,LB3836T,7
18,LB3854T,4
18,LB3864T,4
18,LB3869T,15
18,LB3871T,10
18,LB3872T,36
18,LB3914T,5
18,LB3963T,3
18,LB4003T,10
18,LB4006T,1
18,LB4034T,4
18,LB4059T,5
18,LB4075T,3
18,LB4101T,4
18,LB4112T,12
18,LB4143T,1
18,MGH102,4
18,MGH105,303
18,MGH115,10
18,MGH124,13
18,ND1,1
18,ND2,5
18,ND4,29
18,ND5,1
18,ND7,1
18,P234_JAK,54
18,P294,158
18,P317,2367
18,P322,3431
18,Patient_1,7
18,Patient_2,39
18,Patient_3,29
18,Patient_4,1
18,R2,8
18,R4,10
18,R5,1
18,SM011,2
18,SM012,2
18,SM017,1
18,X154,1098
18,X192,1
18,X194,5
18,ndGBM-02,3
18,ndGBM-03,1
18,ndGBM-04,1
18,ndGBM-05,4
18,ndGBM-07,12
18,ndGBM-08,3
18,rGBM-01,7
18,rGBM-03,1
18,rGBM-04,2
19,BT364,2
19,LB3579T,1
19,LB3667T,1
19,LB3853T,1
19,LB3869T,6
19,LB3872T,1
19,LB3914T,15
19,LB3941T,1
19,LB4059T,1
19,LB4101T,1
19,LB4117T,373
19,MGH114,1
19,ND7,1
19,P294,1
19,P322,1
19,R2,1
19,SF11979,1
19,ndGBM-09,2
20,3182,44
20,3282,109
20,3295,22
20,BT363,17
20,BT364,13
20,BT368,3
20,BT389,62
20,BT390,30
20,BT397,10
20,BT402,22
20,BT407,34
20,BT409,37
20,C3L-02705,24
20,C3L-03405,3
20,C3N-00662,19
20,C3N-01334,4
20,C3N-01798,9
20,C3N-01814,24
20,C3N-01815,5
20,C3N-01816,112
20,C3N-02188,25
20,C3N-02769,6
20,C3N-02783,57
20,C3N-02784,10
20,C3N-03186,6
20,C3N-03188,16
20,G523,213
20,G549,7
20,G566,2
20,G583,1
20,G620,13
20,G729,2
20,G799,1
20,G837,2
20,G910,114
20,G945,3
20,G946,46
20,G967,8350
20,G983,197
20,G1003,95
20,GSM4141790,2
20,JK125,2
20,JK126,1
20,JK134,1
20,JK136,7
20,JK156,1
20,JK163,1
20,LB3018T,12
20,LB3579T,44
20,LB3612T,15
20,LB3667T,127
20,LB3771T,2
20,LB3836T,3
20,LB3851T,1
20,LB3853T,373
20,LB3854T,132
20,LB3864T,140
20,LB3865T,13
20,LB3869T,7
20,LB3871T,60
20,LB3872T,210
20,LB3914T,81
20,LB3915T,12
20,LB3931T,42
20,LB3933T,455
20,LB3941T,569
20,LB3944T,21
20,LB3963T,8
20,LB4003T,14
20,LB4006T,15
20,LB4015T,2
20,LB4024T,2
20,LB4034T,19
20,LB4038T,2
20,LB4059T,105
20,LB4075T,47
20,LB4101T,263
20,LB4112T,22
20,LB4117T,80
20,LB4130T,1
20,LB4180T,17
20,MGH102,18
20,MGH105,18
20,MGH115,14
20,MGH124,3
20,MGH125,14
20,ND1,61
20,ND2,29
20,ND3,1
20,ND4,32
20,ND7,88
20,P234_JAK,879
20,P294,80
20,P317,64
20,P322,51
20,Patient_1,544
20,Patient_2,743
20,Patient_3,175
20,Patient_4,15013
20,R2,16
20,R3,62
20,R4,11
20,SF4297,5
20,SF9259R,2
20,SF11159,12
20,SF11209,2
20,SF11247,9
20,SF11644,710
20,SF11956,4
20,SF11979,11
20,SM006,6
20,SM011,1
20,SM012,35
20,SM017,36
20,SM018,138
20,X154,65
20,X192,95
20,X194,17
20,ndGBM-01,220
20,ndGBM-02,683
20,ndGBM-03,52
20,ndGBM-04,3
20,ndGBM-05,50
20,ndGBM-07,85
20,ndGBM-08,347
20,ndGBM-09,115
20,ndGBM-11,47
20,rGBM-01,13
20,rGBM-02,9
20,rGBM-03,20
20,rGBM-04,41
21,3182,3
21,3282,25
21,BT363,3
21,BT389,35
21,BT390,9
21,BT397,1
21,BT402,42
21,BT407,9
21,BT409,12
21,C3L-02705,8
21,C3N-00662,2
21,C3N-01814,26
21,C3N-01815,2
21,C3N-01816,5
21,C3N-02188,2
21,C3N-02190,3
21,C3N-02769,1
21,C3N-02783,6
21,C3N-02784,1
21,C3N-03186,1
21,C3N-03188,32
21,G523,1
21,G549,8
21,G620,4
21,G729,1
21,G851,1
21,G910,29
21,G946,6
21,G967,429
21,G983,131
21,G1003,24
21,GSM4141790,10
21,JK126,1
21,JK136,2
21,JK142,2
21,JK153,1
21,JK163,1
21,LB3018T,9
21,LB3579T,233
21,LB3612T,41
21,LB3667T,269
21,LB3851T,12
21,LB3853T,62
21,LB3854T,40
21,LB3864T,44
21,LB3865T,36
21,LB3869T,4
21,LB3871T,36
21,LB3872T,72
21,LB3914T,31
21,LB3915T,2
21,LB3931T,14
21,LB3933T,286
21,LB3941T,537
21,LB3944T,35
21,LB3963T,1
21,LB4003T,7
21,LB4006T,3
21,LB4015T,1
21,LB4024T,7
21,LB4034T,76
21,LB4038T,8
21,LB4059T,134
21,LB4075T,49
21,LB4101T,174
21,LB4112T,12
21,LB4117T,195
21,LB4180T,18
21,MGH102,5
21,MGH105,10
21,MGH114,15
21,MGH115,8
21,MGH118,25
21,MGH124,4
21,MGH125,14
21,ND1,45
21,ND2,19
21,ND3,1
21,ND4,6
21,ND5,1
21,ND7,402
21,ND8,4
21,P234_JAK,702
21,P294,145
21,P317,24
21,P322,21
21,Patient_1,5607
21,Patient_2,6095
21,Patient_3,10456
21,Patient_4,351
21,R2,17
21,R3,81
21,R4,22
21,SF9259R,1
21,SF11159,15
21,SF11209,1
21,SF11247,2
21,SF11644,4
21,SF11979,4
21,SM006,2
21,SM011,4
21,SM012,38
21,SM017,9
21,SM018,45
21,X154,62
21,X192,96
21,X194,8
21,ndGBM-01,115
21,ndGBM-02,79
21,ndGBM-03,170
21,ndGBM-04,2
21,ndGBM-05,85
21,ndGBM-07,18
21,ndGBM-08,206
21,ndGBM-09,16
21,ndGBM-11,360
21,rGBM-02,1
21,rGBM-03,40
21,rGBM-04,134
22,3182,6
22,3282,15
22,3295,18
22,BT363,10
22,BT364,66
22,BT368,18
22,BT389,35
22,BT390,4
22,BT397,97
22,BT402,7
22,BT407,103
22,BT409,60
22,C3N-01814,1
22,C3N-01816,3
22,C3N-03188,5
22,E10,5
22,G523,3
22,G549,3
22,G583,2
22,G620,3
22,G729,3
22,G910,3026
22,G945,7
22,G946,36
22,G967,264
22,G983,105
22,G1003,189
22,GSM4141788,15
22,GSM4141789,2
22,GSM4141790,8
22,JK134,1
22,JK153,2
22,JK156,2
22,LB3018T,31
22,LB3579T,89
22,LB3612T,168
22,LB3667T,384
22,LB3771T,3
22,LB3836T,72
22,LB3851T,189
22,LB3853T,7
22,LB3854T,97
22,LB3864T,51
22,LB3865T,73
22,LB3869T,59
22,LB3871T,762
22,LB3872T,202
22,LB3914T,110
22,LB3915T,104
22,LB3931T,96
22,LB3933T,686
22,LB3941T,91
22,LB3944T,86
22,LB3963T,9
22,LB4003T,99
22,LB4006T,14
22,LB4015T,9
22,LB4024T,8
22,LB4034T,115
22,LB4038T,15
22,LB4059T,175
22,LB4075T,147
22,LB4101T,157
22,LB4112T,92
22,LB4117T,186
22,LB4130T,8
22,LB4143T,48
22,LB4180T,50
22,MGH102,3
22,MGH105,14
22,MGH114,12
22,MGH115,2
22,MGH118,41
22,MGH124,5
22,MGH125,2
22,MGH126,8
22,MGH143,1
22,ND1,13
22,ND2,5
22,ND3,36
22,ND4,44
22,ND5,26
22,ND6,55
22,ND7,295
22,ND8,54
22,P234_JAK,97
22,P294,57
22,P317,40
22,P322,14
22,Patient_1,297
22,Patient_2,2241
22,Patient_3,71
22,Patient_4,1199
22,R1,3
22,R2,498
22,R3,68
22,R4,421
22,R5,48
22,SF11159,7
22,SF11209,4
22,SF11215,7
22,SF11232,21
22,SF11247,226
22,SF11644,28
22,SF11956,9
22,SF11979,9
22,SM006,4
22,SM011,37
22,SM012,34
22,SM017,13
22,SM018,39
22,X154,81
22,X192,84
22,X194,2
22,ndGBM-01,294
22,ndGBM-02,96
22,ndGBM-03,98
22,ndGBM-04,27
22,ndGBM-05,15
22,ndGBM-06,13
22,ndGBM-07,91
22,ndGBM-08,71
22,ndGBM-09,25
22,ndGBM-11,42
22,rGBM-01,102
22,rGBM-02,62
22,rGBM-03,177
22,rGBM-04,19
22,rGBM-05,13
23,3295,1
23,BT364,1
23,BT397,2
23,BT407,3
23,BT409,1
23,C3L-03405,1
23,C3N-01816,4
23,G523,1
23,G910,5
23,G967,1
23,G983,1
23,LB3018T,50
23,LB3579T,4179
23,LB3612T,1821
23,LB3667T,1536
23,LB3771T,237
23,LB3836T,160
23,LB3851T,2981
23,LB3853T,214
23,LB3854T,276
23,LB3864T,226
23,LB3865T,287
23,LB3869T,122
23,LB3871T,2479
23,LB3872T,1902
23,LB3914T,1019
23,LB3915T,378
23,LB3931T,146
23,LB3933T,2534
23,LB3941T,543
23,LB3944T,325
23,LB3963T,191
23,LB4003T,1166
23,LB4006T,122
23,LB4015T,130
23,LB4024T,86
23,LB4034T,558
23,LB4038T,8775
23,LB4059T,397
23,LB4075T,822
23,LB4101T,152
23,LB4112T,502
23,LB4117T,245
23,LB4130T,194
23,LB4143T,305
23,LB4180T,114
23,MGH105,1
23,MGH114,1
23,MGH118,2
23,ND4,5
23,ND6,1
23,ND8,1
23,Patient_1,57
23,Patient_2,247
23,Patient_3,214
23,Patient_4,111
23,R2,3
23,R3,1
23,R4,2
23,R5,1
23,SM006,1
23,ndGBM-01,1
23,ndGBM-07,3
23,rGBM-01,4
23,rGBM-02,7
23,rGBM-03,3
23,rGBM-04,3
24,3295,2
24,BT397,4
24,BT407,3
24,BT409,1
24,C3L-02705,2
24,C3L-03405,3
24,C3L-03968,8
24,C3N-01334,6
24,C3N-01798,1317
24,C3N-01814,1
24,C3N-01815,1198
24,C3N-01816,1373
24,C3N-02181,331
24,C3N-02188,1193
24,C3N-02190,30
24,C3N-02769,178
24,C3N-02783,386
24,C3N-02784,552
24,C3N-03186,53
24,C3N-03188,414
24,E10,194
24,E37,15
24,E39,14
24,E99,222
24,E100,39
24,G523,5
24,G549,2
24,G566,10
24,G583,3
24,G729,1
24,G851,1
24,G910,2
24,G967,4
24,G983,2
24,LB3018T,23
24,LB3579T,35
24,LB3612T,9
24,LB3667T,161
24,LB3771T,9
24,LB3836T,10
24,LB3851T,198
24,LB3853T,9
24,LB3854T,7
24,LB3864T,18
24,LB3865T,20
24,LB3869T,20
24,LB3871T,22
24,LB3872T,33
24,LB3914T,99
24,LB3915T,11
24,LB3931T,18
24,LB3933T,4
24,LB3944T,162
24,LB3963T,75
24,LB4003T,97
24,LB4006T,112
24,LB4015T,21
24,LB4024T,10
24,LB4034T,23
24,LB4038T,4
24,LB4059T,12
24,LB4075T,60
24,LB4101T,2
24,LB4112T,21
24,LB4117T,8
24,LB4130T,3
24,LB4143T,42
24,LB4180T,3
24,MGH118,1
24,MGH126,2
24,ND4,3
24,ND5,2
24,ND7,2
24,ND8,23
24,P234_JAK,90
24,P294,217
24,P317,88
24,P322,11
24,Patient_2,3
24,Patient_3,8
24,Patient_4,6
24,R1,7
24,R2,45
24,R3,1
24,R4,6
24,R5,30
24,SF4297,1
24,SF6996,2
24,SF10022,1
24,SF10127,1
24,SM011,1
24,SM017,2
24,SM018,1
24,X154,2
24,X192,5
24,X194,51
24,ndGBM-02,7
24,ndGBM-03,35
24,ndGBM-04,2
24,ndGBM-05,7
24,ndGBM-07,116
24,ndGBM-08,1
24,ndGBM-09,39
24,rGBM-01,22
24,rGBM-02,548
24,rGBM-03,10
24,rGBM-04,15
24,rGBM-05,73
25,MGH143,118
25,R5,1
26,3282,1
26,BT363,1
26,BT389,1
26,BT397,1
26,BT407,1
26,C3N-01814,2
26,C3N-01816,4
26,C3N-02188,2
26,C3N-02784,10
26,C3N-03186,1
26,C3N-03188,4
26,G620,5
26,G910,7
26,G967,20
26,G983,6
26,G1003,13
26,JK136,1
26,JK142,1
26,LB3018T,2
26,LB3579T,11
26,LB3612T,1
26,LB3667T,86
26,LB3854T,44
26,LB3864T,4
26,LB3865T,11
26,LB3869T,2
26,LB3871T,1
26,LB3872T,11
26,LB3914T,2
26,LB3915T,1
26,LB3933T,57
26,LB3941T,2
26,LB3944T,2
26,LB3963T,6
26,LB4003T,23
26,LB4024T,1
26,LB4034T,5
26,LB4038T,30
26,LB4059T,11
26,LB4075T,18
26,LB4101T,18
26,LB4112T,11
26,LB4143T,3
26,LB4180T,3
26,MGH115,1
26,MGH125,3
26,ND1,2
26,ND2,12
26,ND4,7
26,ND5,2
26,ND7,5
26,ND8,4
26,P294,33
26,P317,13
26,P322,11
26,Patient_1,77
26,Patient_2,4466
26,Patient_3,236
26,Patient_4,68
26,R2,15
26,R3,4
26,R4,10
26,R5,8
26,SF10022,1
26,SF11644,8
26,SM006,3
26,SM011,15
26,SM012,9
26,SM017,3
26,SM018,1
26,X154,19
26,X192,26
26,X194,1
26,ndGBM-01,1
26,ndGBM-02,8
26,ndGBM-03,1
26,ndGBM-04,4
26,ndGBM-05,18
26,ndGBM-07,1
26,ndGBM-08,7
26,ndGBM-09,2
26,rGBM-01,19
26,rGBM-02,8
26,rGBM-03,2
26,rGBM-04,2
27,3182,12
27,3282,10
27,3295,5
27,BT346,1
27,BT363,3
27,BT364,11
27,BT368,5
27,BT389,21
27,BT390,18
27,BT397,12
27,BT402,7
27,BT407,15
27,BT409,4
27,C3L-02705,1899
27,C3L-03405,505
27,C3L-03968,672
27,C3N-00662,433
27,C3N-01334,1311
27,C3N-01798,1664
27,C3N-01814,500
27,C3N-01815,1368
27,C3N-01816,3223
27,C3N-02181,711
27,C3N-02188,3318
27,C3N-02190,663
27,C3N-02769,360
27,C3N-02783,5077
27,C3N-02784,2657
27,C3N-03184,29
27,C3N-03186,446
27,C3N-03188,936
27,G523,106
27,G549,276
27,G566,581
27,G583,92
27,G637,4
27,G729,789
27,G797,8
27,G799,29
27,G837,5
27,G851,68
27,G910,2
27,G945,11
27,G946,2
27,G967,11
27,G983,31
27,GSM4141789,2
27,GSM4141790,4
27,JK136,2
27,JK142,5
27,JK152,1
27,LB3018T,12
27,LB3579T,52
27,LB3612T,8
27,LB3667T,159
27,LB3771T,1
27,LB3836T,9
27,LB3851T,21
27,LB3853T,7
27,LB3854T,11
27,LB3864T,15
27,LB3865T,11
27,LB3869T,6
27,LB3871T,34
27,LB3872T,11
27,LB3914T,20
27,LB3915T,25
27,LB3931T,1
27,LB3933T,4
27,LB3941T,8
27,LB3944T,12
27,LB3963T,9
27,LB4003T,27
27,LB4006T,5
27,LB4015T,7
27,LB4024T,6
27,LB4034T,23
27,LB4038T,10
27,LB4059T,46
27,LB4075T,80
27,LB4101T,14
27,LB4112T,6
27,LB4117T,4
27,LB4130T,3
27,LB4143T,6
27,LB4180T,21
27,MGH105,2
27,MGH114,12
27,MGH115,15
27,MGH118,6
27,ND1,2
27,ND2,1
27,ND3,1
27,ND4,10
27,ND5,7
27,ND6,1
27,ND7,6
27,ND8,30
27,P234_JAK,410
27,P294,116
27,P317,184
27,P322,138
27,Patient_1,134
27,Patient_2,108
27,Patient_3,232
27,Patient_4,135
27,R1,1
27,R2,50
27,R3,14
27,R4,14
27,R5,24
27,SF4297,965
27,SF6996,305
27,SF9259R,245
27,SF9259S,155
27,SF10022,167
27,SF10127,5
27,SF11159,1
27,SF11209,3
27,SF11247,6
27,SF11956,1
27,SM006,41
27,SM011,12
27,SM012,24
27,SM017,19
27,SM018,7
27,X154,79
27,X192,79
27,X194,123
27,ndGBM-01,31
27,ndGBM-02,183
27,ndGBM-03,67
27,ndGBM-04,48
27,ndGBM-05,31
27,ndGBM-07,74
27,ndGBM-08,60
27,ndGBM-09,24
27,ndGBM-10,1
27,ndGBM-11,2
27,rGBM-01,94
27,rGBM-02,48
27,rGBM-03,84
27,rGBM-04,75
27,rGBM-05,36
28,3282,2
28,BT407,2
28,C3N-00662,3
28,C3N-01798,1
28,C3N-01816,3
28,C3N-02181,1
28,C3N-02188,3
28,C3N-02783,8
28,C3N-02784,1
28,C3N-03186,2
28,G910,1
28,G967,3
28,LB3018T,3
28,LB3579T,1
28,LB3612T,1
28,LB3667T,6
28,LB3851T,1
28,LB3869T,2
28,LB3933T,1
28,LB3963T,1
28,LB4006T,1
28,LB4034T,3
28,LB4038T,3
28,LB4059T,18
28,LB4075T,4
28,LB4101T,6
28,LB4180T,1
28,MGH124,1
28,ND2,3
28,ND4,4
28,ND7,1
28,P234_JAK,986
28,P294,288
28,P317,1641
28,P322,206
28,Patient_1,18
28,Patient_2,8
28,R4,2
28,R5,2
28,SF11644,1
28,SM018,2
28,X154,507
28,X192,753
28,X194,197
28,ndGBM-02,1
28,ndGBM-07,2
28,ndGBM-08,1
28,ndGBM-09,1
28,rGBM-01,1
28,rGBM-02,2
28,rGBM-03,1
28,rGBM-04,3
29,3182,22
29,3282,10
29,3295,60
29,BT363,25
29,BT364,14
29,BT368,6
29,BT389,26
29,BT390,42
29,BT397,50
29,BT407,31
29,BT409,13
29,C3L-02705,8
29,C3L-03405,4
29,C3L-03968,1
29,C3N-01798,4
29,C3N-01816,43
29,C3N-02181,6
29,C3N-02188,9
29,C3N-02783,5
29,C3N-02784,7
29,C3N-03184,2
29,C3N-03188,1
29,E100,4
29,G523,2
29,G549,1
29,G566,3
29,G583,1
29,G729,2
29,G799,1
29,G851,4
29,G910,20
29,G945,5
29,G946,18
29,G967,2
29,G983,3
29,G1003,6
29,GSM4141788,1
29,GSM4141790,2
29,JK124,1
29,JK125,3
29,JK126,3
29,JK134,2
29,JK136,11
29,JK142,2
29,JK156,14
29,JK163,9
29,LB3018T,23
29,LB3579T,77
29,LB3612T,11
29,LB3667T,19
29,LB3771T,4
29,LB3836T,50
29,LB3851T,4
29,LB3853T,17
29,LB3854T,19
29,LB3864T,71
29,LB3865T,31
29,LB3869T,9
29,LB3871T,8
29,LB3872T,7
29,LB3914T,48
29,LB3915T,11
29,LB3931T,12
29,LB3933T,58
29,LB3941T,3
29,LB3944T,10
29,LB3963T,24
29,LB4003T,10
29,LB4006T,2
29,LB4015T,1
29,LB4024T,3
29,LB4034T,19
29,LB4038T,1
29,LB4059T,43
29,LB4075T,15
29,LB4101T,42
29,LB4112T,6
29,LB4130T,9
29,LB4143T,10
29,LB4180T,1
29,MGH102,2
29,MGH105,8
29,MGH115,5
29,MGH124,11
29,MGH125,1
29,MGH126,1
29,ND1,3
29,ND2,54
29,ND3,1
29,ND4,13
29,ND7,18
29,ND8,2
29,P234_JAK,2
29,P294,66
29,P317,119
29,P322,8
29,Patient_1,11762
29,Patient_2,130
29,Patient_3,135
29,Patient_4,2280
29,R1,5
29,R2,40
29,R3,23
29,R4,57
29,R5,37
29,SF10022,1
29,SF11209,22
29,SF11232,9
29,SF11247,21
29,SF11644,6
29,SF11956,1
29,SM006,7
29,SM011,2
29,SM012,1
29,SM017,11
29,SM018,7
29,X154,13
29,X192,39
29,X194,20
29,ndGBM-01,9
29,ndGBM-02,331
29,ndGBM-03,1
29,ndGBM-04,7
29,ndGBM-05,11
29,ndGBM-06,1
29,ndGBM-07,11
29,ndGBM-08,11
29,ndGBM-09,26
29,ndGBM-10,1
29,rGBM-01,182
29,rGBM-02,141
29,rGBM-03,13
29,rGBM-04,22
29,rGBM-05,6
30,C3N-00662,17
30,C3N-03184,1
30,P317,13
31,ND5,13
31,Patient_2,1
32,3182,3
32,3282,2
32,3295,1
32,BT364,1
32,BT368,1
32,BT389,13
32,BT390,7
32,BT397,1
32,BT402,3
32,BT407,2
32,BT409,2
32,C3N-01816,9
32,C3N-02784,1
32,E39,1
32,G523,1
32,G910,1
32,G945,2
32,G946,14
32,G983,3
32,G1003,1
32,GSM4141788,1
32,GSM4141790,4
32,JK126,1
32,JK136,7
32,JK142,2
32,JK153,1
32,JK156,1
32,JK163,1
32,LB3579T,15
32,LB3612T,4
32,LB3667T,1
32,LB3836T,1
32,LB3851T,1
32,LB3853T,19
32,LB3854T,13
32,LB3864T,31
32,LB3865T,9
32,LB3871T,16
32,LB3872T,26
32,LB3914T,22
32,LB3915T,20
32,LB3931T,8
32,LB3933T,14
32,LB3941T,6
32,LB3944T,20
32,LB4006T,1
32,LB4024T,1
32,LB4034T,1
32,LB4059T,2
32,LB4101T,42
32,LB4112T,3
32,LB4117T,9
32,LB4130T,3
32,LB4143T,4
32,LB4180T,2
32,MGH102,2
32,MGH105,7
32,MGH118,4
32,ND2,3
32,ND4,3
32,ND7,9
32,ND8,2
32,P234_JAK,1
32,P317,1
32,Patient_2,3
32,Patient_3,1
32,Patient_4,11
32,R2,2
32,R3,2
32,R4,1
32,R5,3
32,SF11247,1
32,SF11644,5
32,SF11956,2
32,SM006,7
32,SM011,1
32,X194,2
32,ndGBM-01,20
32,ndGBM-02,6
32,ndGBM-03,4
32,ndGBM-04,32
32,ndGBM-08,12
32,ndGBM-09,11
32,ndGBM-10,7855
32,rGBM-01,8
32,rGBM-02,26
32,rGBM-03,3
32,rGBM-04,5
33,3182,7
33,3295,63
33,BT364,1
33,BT389,6
33,BT397,9
33,BT402,4
33,BT407,11
33,C3N-01798,38
33,C3N-01816,4
33,C3N-02181,5
33,C3N-02188,86
33,C3N-02783,35
33,C3N-02784,3
33,C3N-03184,4
33,C3N-03186,1
33,E10,2
33,E39,1
33,E100,3
33,G620,17
33,G910,6
33,G946,2
33,G967,16
33,G983,2
33,G1003,1
33,JK156,1
33,LB3018T,3
33,LB3612T,3
33,LB3667T,4
33,LB3771T,1
33,LB3851T,6
33,LB3853T,2
33,LB3854T,2
33,LB3864T,2
33,LB3865T,3
33,LB3871T,1
33,LB3872T,5
33,LB3914T,1
33,LB3944T,7
33,LB3963T,2
33,LB4003T,7
33,LB4006T,3
33,LB4015T,1
33,LB4034T,6
33,LB4059T,4
33,LB4075T,3
33,LB4101T,1
33,LB4112T,7
33,LB4117T,3
33,MGH118,1
33,ND4,5
33,ND5,2
33,ND6,1
33,ND7,59
33,ND8,9
33,P234_JAK,1
33,P294,2
33,P317,17
33,P322,1
33,Patient_1,10
33,Patient_2,13
33,Patient_3,14
33,Patient_4,59
33,R1,279
33,R2,195
33,R3,27
33,R4,388
33,R5,49
33,SF11232,3
33,SF11247,1
33,SM006,1
33,SM011,2
33,SM017,5
33,SM018,4
33,X154,3
33,X192,2
33,X194,43
33,ndGBM-01,25
33,ndGBM-02,27
33,ndGBM-03,4
33,ndGBM-04,1
33,ndGBM-05,3
33,ndGBM-07,159
33,ndGBM-08,2
33,ndGBM-09,111
33,rGBM-01,18
33,rGBM-02,173
33,rGBM-03,43
33,rGBM-04,6
33,rGBM-05,3
34,LB3579T,44
34,LB3612T,22
34,LB3771T,85
34,LB3836T,3
34,LB3851T,4
34,LB3853T,2
34,LB3854T,3
34,LB3864T,5
34,LB3865T,1
34,LB3872T,2
34,LB3915T,2
34,LB3963T,6298
34,LB4003T,61
34,LB4006T,2
34,LB4015T,65
34,LB4024T,37
34,LB4034T,30
34,LB4038T,1
34,LB4059T,1
34,LB4075T,17
34,LB4130T,2
34,LB4143T,1
34,Patient_1,1
34,Patient_2,2
34,Patient_4,1
35,LB3667T,2
35,LB4034T,1
35,MGH125,1
35,P234_JAK,922
35,P294,635
35,Patient_1,4
35,Patient_2,2
35,R2,1
35,X154,12
35,X192,12
35,ndGBM-05,1
35,ndGBM-08,2
35,ndGBM-09,3
36,3295,2
36,BT397,18
36,BT402,11
36,BT407,3
36,C3N-01798,7
36,C3N-02188,8
36,G620,26
36,G967,17
36,G983,1
36,LB3018T,1
36,LB3579T,2
36,LB3667T,14
36,LB3853T,3
36,LB3864T,6
36,LB3865T,3
36,LB3872T,11
36,LB3914T,5
36,LB3944T,1
36,LB4003T,2
36,LB4006T,1
36,LB4059T,3
36,LB4075T,1
36,LB4112T,2
36,LB4143T,17
36,ND7,2
36,ND8,22
36,P294,1
36,P317,6
36,Patient_1,2
36,Patient_2,1
36,Patient_3,21
36,Patient_4,2
36,R1,5
36,R2,32
36,R3,183
36,R4,415
36,R5,155
36,SM012,2
36,rGBM-01,33
36,rGBM-02,1
36,rGBM-04,3
37,3295,1
37,BT364,1
37,BT389,1
37,BT397,2
37,C3N-02181,328
37,C3N-03184,2
37,G910,1
37,G946,1
37,LB3018T,2
37,LB3579T,12
37,LB3612T,5
37,LB3667T,1
37,LB3836T,2
37,LB3851T,1
37,LB3853T,1
37,LB3854T,2
37,LB3864T,1
37,LB3871T,3
37,LB3931T,3
37,LB3933T,2
37,LB4006T,1
37,LB4034T,31
37,LB4059T,6
37,LB4075T,4
37,LB4101T,1
37,LB4112T,3
37,LB4117T,2
37,LB4130T,1
37,LB4180T,1
37,ND7,1
37,P234_JAK,1
37,P294,1
37,P317,4
37,Patient_1,44
37,Patient_2,114
37,Patient_3,323
37,Patient_4,4075
37,R1,1
37,R2,1
37,R5,10
37,SM012,1
37,SM017,1
37,ndGBM-01,1
37,ndGBM-02,5
37,ndGBM-03,1
37,ndGBM-05,1
37,ndGBM-07,3
37,ndGBM-08,2
37,ndGBM-09,37
37,rGBM-02,167
38,BT364,1
38,BT368,1
38,BT389,1
38,BT397,5
38,C3N-02769,1
38,E100,1
38,G967,1
38,GSM4141789,70
38,LB3579T,1
38,LB3864T,2
38,LB3869T,3
38,LB3871T,1
38,LB3914T,11
38,LB3944T,1
38,LB4003T,6
38,LB4075T,5
38,LB4180T,1
38,MGH102,1
38,MGH114,24
38,MGH124,1
38,ND5,1
38,ND8,7
38,R1,54
38,R2,1
38,R3,29
38,R4,13
38,R5,68
38,SM017,2
38,X194,4
38,ndGBM-02,5
38,ndGBM-04,3
38,ndGBM-07,201
38,ndGBM-09,5
38,rGBM-01,3
38,rGBM-02,86
38,rGBM-05,3
