source,target,ligand_complex,receptor_complex,lr_means,cellphone_pvals,expr_prod,scaled_weight,lr_logfc,spec_weight,lrscore,specificity_rank,magnitude_rank,direction,nerve_cluster,dominant_sample_fraction,n_contributing_samples,normalised_entropy,batch_qc_pass
nerve_c0,malignant,NCAM1,PTPRZ1,2.512004,0.0,6.3092384,0.6803720526265333,1.7913965805882008,0.076686986,0.95240986,0.0552680692385295,7.072917857492318e-08,nerve_to_malignant,nerve_c0,0.1812,15,0.5697,True
nerve_c20,malignant,NCAM1,PTPRZ1,2.4788601,0.0,6.1407094,0.6489864762880142,1.6814015564141076,0.07463856,0.9517925,0.0692979049286068,2.828999924659354e-07,nerve_to_malignant,nerve_c20,0.7889,9,0.1802,False
nerve_c4,malignant,NCAM1,PTPRZ1,2.478765,0.0,6.1402254,0.6488941576038167,1.66927593158593,0.07463268,0.9517907,0.0697733022649364,6.364873589224005e-07,nerve_to_malignant,nerve_c4,0.1779,16,0.5438,True
nerve_c12,malignant,NCAM1,PTPRZ1,2.4561272,0.0,6.0251155,0.6274585423517209,1.8729315043839097,0.07323355,0.9513547,0.0764700385664068,1.1314661951936827e-06,nerve_to_malignant,nerve_c12,0.4368,7,0.335,True
nerve_c7,malignant,NCAM1,PTPRZ1,2.3607335,0.0,5.540057,0.5371211612577544,1.660489085059945,0.0673378,0.94937533,0.1346250118851578,3.4645006953900702e-06,nerve_to_malignant,nerve_c7,0.17,15,0.5776,True
malignant,nerve_c12,PTN,PTPRZ1,2.3516288,0.007,5.5294423,0.035277725389228,0.7338469707434436,0.19534229,0.9493292,0.5004464159030069,4.524794583414261e-06,malignant_to_nerve,nerve_c12,0.4368,7,0.335,True
nerve_c3,malignant,NCAM1,PTPRZ1,2.3504639,0.0,5.4878383,0.5273955472852742,1.5888452332153626,0.0667031,0.9491472,0.1425989785884287,5.7263545275000855e-06,nerve_to_malignant,nerve_c3,0.1893,16,0.5434,True
malignant,nerve_neuron,PTN,PTPRZ1,2.2680087,1.0,5.1316833,-0.0248982304258526,1.1003638947267975,0.18129039,0.94750327,0.1001575978353725,1.5900896735273802e-05,malignant_to_nerve,nerve_neuron,0.5032,7,0.4667,False
nerve_c9,malignant,PTN,PTPRZ1,2.256381,1.0,5.009444,-0.0355394582289956,0.4671542060096856,0.07789427,0.9469004,1.0,2.04214021683293e-05,nerve_to_malignant,nerve_c9,0.4802,7,0.3212,True
nerve_c5,malignant,PTN,PTPRZ1,2.2283769,1.0,4.8670483,-0.056006914263918,0.459139401466428,0.075680085,0.94617075,1.0,2.5506068846608457e-05,nerve_to_malignant,nerve_c5,0.5076,15,0.4523,False
nerve_c10,malignant,NCAM1,PTPRZ1,2.220224,0.0,4.8255916,0.4040606244377152,1.2732973612565597,0.058653682,0.9459525,0.2966597563890092,2.825989994583031e-05,nerve_to_malignant,nerve_c10,0.8274,7,0.1908,False
nerve_c22,malignant,NCAM1,PTPRZ1,2.2121916,0.0,4.784749,0.3964537594572991,1.5167456139522535,0.058157254,0.9457348,0.3150506127722548,3.115470000199512e-05,nerve_to_malignant,nerve_c22,1.0,1,-0.0,False
nerve_c13,malignant,NCAM1,PTPRZ1,2.1981976,0.0,4.713592,0.3832018288986236,1.4845192298643273,0.057292357,0.94534904,0.3150506127722548,3.73670875547953e-05,nerve_to_malignant,nerve_c13,0.3452,18,0.5887,True
nerve_neuron,malignant,CNTN1,PTPRZ1,2.1661167,0.0,4.5504665,1.1148358075048388,2.1287531016973578,0.4647604,0.9444321,0.0008028604994875,6.354715075216415e-05,nerve_to_malignant,nerve_neuron,0.5032,7,0.4667,False
nerve_neuron,malignant,NCAM1,PTPRZ1,2.1599138,0.0,4.518925,0.3469469385992275,1.3028664843570708,0.05492624,0.9442493,0.3150506127722548,7.2293974388023e-05,nerve_to_malignant,nerve_neuron,0.5032,7,0.4667,False
nerve_c12,malignant,NLGN1,NRXN1,2.2807796,0.0,3.6825755,0.7508716087590299,1.4420618625920385,0.13924018,0.938611,0.0115285696300357,7.456860618917693e-05,nerve_to_malignant,nerve_c12,0.4368,7,0.335,True
malignant,nerve_c12,NRXN1,NLGN1,2.2807796,0.0,3.6825755,0.7508716087590299,1.4420618625920385,0.13924018,0.938611,0.0115285696300357,7.456860618917693e-05,malignant_to_nerve,nerve_c12,0.4368,7,0.335,True
nerve_c9,malignant,NCAM1,PTPRZ1,2.1334026,0.0,4.384121,0.3218416297021886,1.2796929053457495,0.053287733,0.94344676,0.3150506127722548,7.68784009648439e-05,nerve_to_malignant,nerve_c9,0.4802,7,0.3212,True
malignant,nerve_c0,NCAM1,NCAM2,2.206086,0.0,3.6805885,1.0795224343470369,1.067570903764506,0.109498546,0.9385954,0.0296227648967986,8.160345430406733e-05,malignant_to_nerve,nerve_c0,0.1812,15,0.5697,True
malignant,nerve_c20,NCAM1,NCAM2,2.182095,0.0,3.6269956,1.0586569172038034,1.027887043629318,0.10790415,0.93817127,0.0296227648967986,8.646913414202757e-05,malignant_to_nerve,nerve_c20,0.7889,9,0.1802,False
malignant,nerve_c6,TIMP1,CD63,2.1328163,0.0,3.603468,0.5086687720993628,1.5178685153956075,0.09730338,0.9379823,0.0296227648967986,9.147538983829207e-05,malignant_to_nerve,nerve_c6,0.2036,24,0.6567,True
nerve_c18,malignant,MDK,PTPRZ1,2.111344,0.0,4.2719574,0.5962411597692991,2.3084214426759857,0.34225228,0.94275135,0.0136597658188793,9.662222260625732e-05,nerve_to_malignant,nerve_c18,0.5575,4,0.2111,False
nerve_c15,malignant,PTN,PTPRZ1,2.105359,1.0,4.2415247,-0.1459191640430188,0.4605728050806448,0.06595352,0.9425581,1.0,0.0001129058251132,nerve_to_malignant,nerve_c15,0.2441,11,0.4778,True
malignant,nerve_c22,PTN,PTPRS,2.1031613,0.0,4.3475475,0.8251772436607739,1.9103024531223345,0.15755971,0.9432228,0.006088292140725,0.0001186146627478,malignant_to_nerve,nerve_c22,1.0,1,-0.0,False
nerve_c10,malignant,PTN,PTPRZ1,2.10202,1.0,4.2245464,-0.1483591083262053,0.2374555794967268,0.06568951,0.94244945,1.0,0.0001244639390765,nerve_to_malignant,nerve_c10,0.8274,7,0.1908,False
malignant,nerve_c22,PTN,PTPRZ1,2.0947008,0.883,4.3073025,-0.1496165022337602,0.4931173423132624,0.15216695,0.9429733,1.0,0.0001428541160935,malignant_to_nerve,nerve_c22,1.0,1,-0.0,False
malignant,nerve_neuron,NRXN1,NLGN1,2.1098747,0.0,3.3243084,0.637537190346835,1.3174627219495865,0.1256939,0.9355951,0.0217554571807461,0.0001460419651355,malignant_to_nerve,nerve_neuron,0.5032,7,0.4667,False
nerve_neuron,malignant,NLGN1,NRXN1,2.1098747,0.0,3.3243084,0.637537190346835,1.3174627219495865,0.1256939,0.9355951,0.0217554571807461,0.0001460419651355,nerve_to_malignant,nerve_neuron,0.5032,7,0.4667,False
nerve_c17,malignant,PTN,PTPRZ1,2.0909145,0.999,4.168077,-0.1564764756674778,0.6792215395879693,0.064811446,0.9420834,1.0,0.000149264895633,nerve_to_malignant,nerve_c17,0.712,4,0.1815,False
malignant,nerve_c18,TIMP1,CD63,2.0906026,0.0,3.5054917,0.4780807856486852,1.470699485276932,0.09465776,0.93717563,0.0296227648967986,0.0001558159884524,malignant_to_nerve,nerve_c18,0.5575,4,0.2111,False
nerve_c2,malignant,NCAM1,PTPRZ1,2.0887258,0.0,4.156948,0.2795327017363799,1.2033950380020129,0.05052651,0.9420104,0.3150506127722548,0.0001625073339531,nerve_to_malignant,nerve_c2,0.4082,17,0.533,True
nerve_c6,malignant,PTN,PTPRZ1,2.0801568,1.0,4.113375,-0.1643393315299214,0.3432828474814122,0.063960865,0.9417219,1.0,0.0001906751969259,nerve_to_malignant,nerve_c6,0.2036,24,0.6567,True
nerve_c5,malignant,NCAM1,PTPRZ1,2.073748,0.0,4.080789,0.265348944675234,1.1111177416413969,0.049600817,0.9415033,0.3318585940236978,0.0002056002232006,nerve_to_malignant,nerve_c5,0.5076,15,0.4523,False
nerve_c2,malignant,PTN,PTPRZ1,2.0718582,1.0,4.0711784,-0.1704053454238965,0.2957938547748708,0.06330472,0.9414383,1.0,0.0002132729178055,nerve_to_malignant,nerve_c2,0.4082,17,0.533,True
malignant,nerve_c16,TIMP1,CD63,2.0655513,0.0,3.447348,0.4599286628110242,1.4827550372936549,0.093087725,0.93668145,0.0296227648967986,0.0002210856585393,malignant_to_nerve,nerve_c16,0.2917,16,0.4833,True
malignant,nerve_c4,NCAM1,NCAM2,2.0558515,0.0,3.344981,0.9488556699691354,0.7677126197392674,0.099514134,0.93578166,0.0296227648967986,0.0002290385023949,malignant_to_nerve,nerve_c4,0.1779,16,0.5438,True
malignant,nerve_c20,CALM1,PDE1C,2.0427413,0.0,3.8680265,1.5399817686346768,1.470202563103542,0.134683,0.94001126,0.0138110550848051,0.0002453642771304,malignant_to_nerve,nerve_c20,0.7889,9,0.1802,False
nerve_c15,malignant,NCAM1,PTPRZ1,2.0369365,0.0,3.8936088,0.2304886354791044,1.1893883095820432,0.047325697,0.9401968,0.4153703125000001,0.0002537371134972,nerve_to_malignant,nerve_c15,0.2441,11,0.4778,True
nerve_c13,malignant,PTN,PTPRZ1,2.0111399,1.0,3.7624369,-0.2147827825628299,0.3779673680419984,0.058503952,0.93922615,1.0,0.0002886279565035,nerve_to_malignant,nerve_c13,0.3452,18,0.5887,True
nerve_c1,malignant,PTN,PTPRZ1,2.0018752,1.0,3.7153282,-0.2215544997987816,0.2986375931051528,0.057771433,0.93886554,1.0,0.0003069126712478,nerve_to_malignant,nerve_c1,0.1941,18,0.5886,True
nerve_c12,malignant,PTN,PTPRZ1,2.0015137,1.0,3.7134905,-0.2218185294702082,0.3503296400834073,0.05774286,0.9388513,1.0,0.0003162647585969,nerve_to_malignant,nerve_c12,0.4368,7,0.335,True
nerve_neuron,malignant,NRXN1,NLGN1,1.9932755,0.0,3.4516919,0.6383041636886968,0.5713696632056966,0.26084712,0.9367188,0.0296227648967986,0.0003305549309545,nerve_to_malignant,nerve_neuron,0.5032,7,0.4667,False
malignant,nerve_neuron,NLGN1,NRXN1,1.9932755,0.0,3.4516919,0.6383041636886968,0.5713696632056966,0.26084712,0.9367188,0.0296227648967986,0.0003305549309545,malignant_to_nerve,nerve_neuron,0.5032,7,0.4667,False
malignant,nerve_c22,NRXN1,NLGN1,1.9920774,0.0,3.0773702,0.5594205490051687,0.982836508351205,0.11635703,0.93323016,0.0296227648967986,0.0003500976666618,malignant_to_nerve,nerve_c22,1.0,1,-0.0,False
nerve_c22,malignant,NLGN1,NRXN1,1.9920774,0.0,3.0773702,0.5594205490051687,0.982836508351205,0.11635703,0.93323016,0.0296227648967986,0.0003500976666618,nerve_to_malignant,nerve_c22,1.0,1,-0.0,False
malignant,nerve_c3,NCAM1,NCAM2,1.9881904,0.0,3.1938338,0.8900069202069671,0.8054196639988631,0.09501746,0.9343782,0.0296227648967986,0.0003651213854773,malignant_to_nerve,nerve_c3,0.1893,16,0.5434,True
nerve_c21,malignant,GSTP1,EGFR,1.9449365,0.0,3.590938,0.6845657170556293,2.8293597349432846,0.11470062,0.9378809,0.0028361250325924,0.0004067207608528,nerve_to_malignant,nerve_c21,1.0,1,-0.0,False
malignant,nerve_c0,NRXN1,NLGN1,1.9107845,0.0,2.9069562,0.5055118519272217,0.989696873042923,0.10991359,0.9314332,0.0296227648967986,0.0004561890788277,malignant_to_nerve,nerve_c0,0.1812,15,0.5697,True
nerve_c0,malignant,NLGN1,NRXN1,1.9107845,0.0,2.9069562,0.5055118519272217,0.989696873042923,0.10991359,0.9314332,0.0296227648967986,0.0004561890788277,nerve_to_malignant,nerve_c0,0.1812,15,0.5697,True
malignant,nerve_c10,PTN,NCL,1.9071207,0.0,3.4150338,0.3852140746297264,1.2112988554488795,0.12188773,0.9364016,0.0296227648967986,0.0004733061653762,malignant_to_nerve,nerve_c10,0.8274,7,0.1908,False
nerve_c22,malignant,NRXN3,NLGN1,1.8923875,0.0,3.1952028,0.9606719665518894,0.7283846500788433,0.14376733,0.9343913,0.0296227648967986,0.0005144656647337,nerve_to_malignant,nerve_c22,1.0,1,-0.0,False
malignant,nerve_c22,NLGN1,NRXN3,1.8923875,0.0,3.1952028,0.9606719665518894,0.7283846500788433,0.14376733,0.9343913,0.0296227648967986,0.0005144656647337,malignant_to_nerve,nerve_c22,1.0,1,-0.0,False
malignant,nerve_c9,TIMP1,CD63,1.8804684,0.0,3.0177782,0.3258141414788574,1.1722681053236477,0.08148817,0.9326183,0.0300282442329427,0.0005698926871396,malignant_to_nerve,nerve_c9,0.4802,7,0.3212,True
malignant,nerve_c5,TIMP1,CD63,1.8799827,0.0,3.016651,0.3254632609573753,1.1367942621844302,0.081457734,0.9326066,0.0301369272559206,0.0005825927242145,malignant_to_nerve,nerve_c5,0.5076,15,0.4523,False
malignant,nerve_c0,CALM1,PDE1C,1.8765495,0.0,3.3725467,1.3137412393111685,1.354074425886605,0.11743061,0.9360278,0.0286488075719506,0.0005954319458426,malignant_to_nerve,nerve_c0,0.1812,15,0.5697,True
nerve_c1,malignant,NCAM1,PTPRZ1,1.8623152,0.0,3.005691,0.0651244592111843,0.9890650539949948,0.03653331,0.93249214,1.0,0.0006084103269411,nerve_to_malignant,nerve_c1,0.1941,18,0.5886,True
nerve_c16,malignant,MIF,EGFR,1.8403552,0.0,3.2757425,0.5348279399438635,2.3993248802588463,0.12966952,0.93515027,0.0141655460782699,0.0006617148014643,nerve_to_malignant,nerve_c16,0.2917,16,0.4833,True
nerve_c1,malignant,MIF,EGFR,1.8379719,0.0,3.2685597,0.5328040050354418,2.4278249367421307,0.12938519,0.9350837,0.0113354516098313,0.0006892014119319,nerve_to_malignant,nerve_c1,0.1941,18,0.5886,True
nerve_c6,malignant,NCAM1,PTPRZ1,1.8320258,0.0,2.8516755,0.0364406025058996,0.8993566486109954,0.034661297,0.93081754,1.0,0.0007031532055431,nerve_to_malignant,nerve_c6,0.2036,24,0.6567,True
malignant,nerve_c5,PTN,NCL,1.8319268,0.0,3.0573556,0.2998084733185034,1.1766463421508448,0.10912166,0.93302655,0.0296227648967986,0.0007172439579622,malignant_to_nerve,nerve_c5,0.5076,15,0.4523,False
malignant,nerve_c10,HEBP1,GRM7,0.08687362,1.0,0.007158414,-0.0671525414412817,-0.3673275926144997,0.022570707,0.40266553,1.0,0.0007978015838921,malignant_to_nerve,nerve_c10,0.8274,7,0.1908,False
nerve_c3,malignant,PTN,PTPRZ1,1.8185365,1.0,2.783085,-0.3555543048801017,-0.0086902388098046,0.043275535,0.9300295,1.0,0.0008047050452912,nerve_to_malignant,nerve_c3,0.1893,16,0.5434,True
malignant,nerve_c1,TIMP1,CD63,1.8109069,0.0,2.8563287,0.2754091000241651,1.121519389109472,0.0771286,0.93087,0.053405506571421,0.0008197678055874,malignant_to_nerve,nerve_c1,0.1941,18,0.5886,True
nerve_c18,malignant,GSTP1,EGFR,1.799406,0.0,3.1523268,0.5428107266911486,2.436166759490545,0.10069063,0.933976,0.0099198393444851,0.0008971623113378,nerve_to_malignant,nerve_c18,0.5575,4,0.2111,False
nerve_c22,malignant,PTN,PTPRZ1,1.7964431,0.998,2.670744,-0.3717021250505853,0.1300635767166882,0.041528687,0.9286769,1.0,0.0009452629036072,nerve_to_malignant,nerve_c22,1.0,1,-0.0,False
nerve_c18,malignant,PTN,PTPRZ1,1.7904072,1.0,2.6400523,-0.3761137243201125,0.0172317848824683,0.04105145,0.92829317,1.0,0.000961573582773,nerve_to_malignant,nerve_c18,0.5575,4,0.2111,False
nerve_c0,malignant,PTN,PTPRZ1,1.7854537,1.0,2.6148646,-0.3797342211132993,-0.0258944193409607,0.040659796,0.92797345,1.0,0.0010282011947111,nerve_to_malignant,nerve_c0,0.1812,15,0.5697,True
malignant,nerve_c22,NLGN1,NRXN1,1.7681545,0.0,2.8793635,0.4679296998137164,0.2418160993546245,0.21759583,0.931128,0.1417936963646432,0.001070968422178,malignant_to_nerve,nerve_c22,1.0,1,-0.0,False
nerve_c22,malignant,NRXN1,NLGN1,1.7681545,0.0,2.8793635,0.4679296998137164,0.2418160993546245,0.21759583,0.931128,0.1417936963646432,0.001070968422178,nerve_to_malignant,nerve_c22,1.0,1,-0.0,False
malignant,nerve_c7,NCAM1,NCAM2,1.7645068,0.0,2.6941488,0.6954600064950541,0.5140117056749636,0.080151685,0.92896533,0.0353817942558467,0.001097043891826,malignant_to_nerve,nerve_c7,0.17,15,0.5776,True
nerve_c10,malignant,CALM1,PTPRA,1.8100296,0.0,2.241986,0.5584872497962599,0.554978899798113,0.09126466,0.9226596,0.0296227648967986,0.0011322953311391,nerve_to_malignant,nerve_c10,0.8274,7,0.1908,False
malignant,nerve_c12,NCAM1,NCAM2,1.7603219,0.0,2.6848,0.6918191852301168,0.5154160667182974,0.07987356,0.9288506,0.0365414178268296,0.0011501282976256,malignant_to_nerve,nerve_c12,0.4368,7,0.335,True
nerve_c3,malignant,NLGN1,NRXN1,1.7581508,0.0,2.5869906,0.40429277079535,0.8185402027538502,0.09781551,0.9276145,0.0296227648967986,0.001195315997654,nerve_to_malignant,nerve_c3,0.1893,16,0.5434,True
malignant,nerve_c3,NRXN1,NLGN1,1.7581508,0.0,2.5869906,0.40429277079535,0.8185402027538502,0.09781551,0.9276145,0.0296227648967986,0.001195315997654,malignant_to_nerve,nerve_c3,0.1893,16,0.5434,True
nerve_c9,malignant,CALM1,PTPRA,1.7990382,0.0,2.2245522,0.5492567119036807,0.5403991827598861,0.09055498,0.92238057,0.0296227648967986,0.0012044571955375,nerve_to_malignant,nerve_c9,0.4802,7,0.3212,True
nerve_c20,malignant,PTN,PTPRZ1,1.7567716,1.0,2.4690216,-0.400697553807648,-0.0566912272869297,0.03839201,0.9260318,1.0,0.0012228432240997,nerve_to_malignant,nerve_c20,0.7889,9,0.1802,False
malignant,nerve_c22,APP,DCC,1.7560674,0.0,2.8142571,1.0735211633982662,0.7185438472879218,0.26688355,0.930391,0.0296227648967986,0.0012413674088196,malignant_to_nerve,nerve_c22,1.0,1,-0.0,False
nerve_c18,malignant,CALM1,PTPRA,1.7899786,0.0,2.2101827,0.5416490421591567,0.8319853514111896,0.08997004,0.9221483,0.0296227648967986,0.0012413674088196,nerve_to_malignant,nerve_c18,0.5575,4,0.2111,False
nerve_c6,malignant,MIF,EGFR,1.7544026,0.0,3.0166917,0.4618189726484882,2.2884709905918994,0.11941505,0.932607,0.0240590180807733,0.0012788301464011,nerve_to_malignant,nerve_c6,0.2036,24,0.6567,True
malignant,nerve_c10,TIMP1,CD63,1.7476258,0.0,2.7094557,0.2295553348043311,0.9133712564348448,0.07316264,0.9291521,0.0769085752984568,0.001297768449417,malignant_to_nerve,nerve_c10,0.8274,7,0.1908,False
malignant,nerve_c12,PTN,PTPRS,1.7470244,0.0,2.653497,0.3993564049774521,1.3355372125915814,0.09616552,0.9284621,0.0296227648967986,0.001316845006489,malignant_to_nerve,nerve_c12,0.4368,7,0.335,True
malignant,nerve_c9,PTN,NCL,1.7357597,0.0,2.5999138,0.1905818055519354,0.9779913944216192,0.092794865,0.9277816,0.0658186625643139,0.0013554121877813,malignant_to_nerve,nerve_c9,0.4802,7,0.3212,True
nerve_c5,malignant,CALM1,PTPRA,1.7627891,0.0,2.1670566,0.5188155652030313,0.5392448567676761,0.0882145,0.921438,0.0296227648967986,0.0013749027618359,nerve_to_malignant,nerve_c5,0.5076,15,0.4523,False
nerve_c0,malignant,IL1RAPL1,PTPRS,2.3832288,0.0,2.1603286,1.4219867438999072,2.00557274300311,0.11071784,0.9213254,0.0050356361480736,0.0013945312913856,nerve_to_malignant,nerve_c0,0.1812,15,0.5697,True
malignant,nerve_c4,CALM1,PDE1C,1.7293515,0.0,2.933695,1.1133621098613429,1.068201470989342,0.102149986,0.93172497,0.0296227648967986,0.0014142977513476,malignant_to_nerve,nerve_c4,0.1779,16,0.5438,True
nerve_c9,malignant,SPP1,CD44,2.1888897,0.0,2.1475875,1.033954261625914,1.695360372386463,0.07502034,0.92111075,0.0444149291242376,0.0014342021166392,nerve_to_malignant,nerve_c9,0.4802,7,0.3212,True
malignant,nerve_c20,NLGN1,NRXN3,1.7239114,0.0,2.7668839,0.8006525901776604,0.8120709306799494,0.12449522,0.9298393,0.0296227648967986,0.0014442057953952,malignant_to_nerve,nerve_c20,0.7889,9,0.1802,False
nerve_c20,malignant,NRXN3,NLGN1,1.7239114,0.0,2.7668839,0.8006525901776604,0.8120709306799494,0.12449522,0.9298393,0.0296227648967986,0.0014442057953952,nerve_to_malignant,nerve_c20,0.7889,9,0.1802,False
nerve_c4,malignant,PTN,PTPRZ1,1.7236694,1.0,2.3007028,-0.4248918932799291,-0.2125497549774195,0.03577474,0.92357695,1.0,0.001474424250157,nerve_to_malignant,nerve_c4,0.1779,16,0.5438,True
malignant,nerve_c12,NCAM1,PTPRZ1,1.7209165,0.993,2.5967727,-0.0440718828191544,-0.6492221021610352,0.19534229,0.9277411,0.7529680582829816,0.0015151979138253,malignant_to_nerve,nerve_c12,0.4368,7,0.335,True
nerve_c17,malignant,SPP1,CD44,2.1747303,0.0,2.1316452,1.0231732376474876,1.7639513049146829,0.07446344,0.9208396,0.0456284777472478,0.0015151979138253,nerve_to_malignant,nerve_c17,0.712,4,0.1815,False
nerve_c0,malignant,IL1RAPL1,PTPRD,2.3786983,0.0,2.1217363,1.352317516171832,0.8113656908042681,0.11071784,0.9206696,0.0296227648967986,0.0015773916959868,nerve_to_malignant,nerve_c0,0.1812,15,0.5697,True
malignant,nerve_c10,AGRN,MUSK,0.0936205,0.0,0.007406938,0.1330082934507436,0.032285966290345,0.100100465,0.4067767,0.5373435542304176,0.0015954617136075,malignant_to_nerve,nerve_c10,0.8274,7,0.1908,False
nerve_c1,malignant,SPP1,CD44,2.16102,0.0,2.1162086,1.0127339948101637,1.7057271374518397,0.073924206,0.9205743,0.0482803159171034,0.0016408245958533,nerve_to_malignant,nerve_c1,0.1941,18,0.5886,True
nerve_c16,malignant,PTN,PTPRZ1,1.7023808,1.0,2.192454,-0.4404511728582503,-0.1539331027980404,0.03409153,0.92185867,1.0,0.0016622442614094,nerve_to_malignant,nerve_c16,0.2917,16,0.4833,True
malignant,nerve_c12,NLGN1,NRXN1,1.7008793,0.0,2.708329,0.4170148598023272,0.3552529734033853,0.20467061,0.92913836,0.0611580214938439,0.0016946317600348,malignant_to_nerve,nerve_c12,0.4368,7,0.335,True
nerve_c12,malignant,NRXN1,NLGN1,1.7008793,0.0,2.708329,0.4170148598023272,0.3552529734033853,0.20467061,0.92913836,0.0611580214938439,0.0016946317600348,nerve_to_malignant,nerve_c12,0.4368,7,0.335,True
nerve_c12,malignant,VCAN,EGFR,1.6985867,0.0,2.8484688,0.651871843436998,2.5740789260818744,0.38628986,0.9307813,0.0056707416218067,0.0017273287837612,nerve_to_malignant,nerve_c12,0.4368,7,0.335,True
malignant,nerve_c15,TIMP1,CD63,1.6943483,0.0,2.5858011,0.1909502173999186,1.1390369639054914,0.06982362,0.9275991,0.1018021115163393,0.0017492987161634,malignant_to_nerve,nerve_c15,0.2441,11,0.4778,True
malignant,nerve_neuron,NLGN1,NRXN3,1.6928842,0.0,2.6880028,0.7711823363832963,1.0070230050960542,0.120946,0.92889,0.0228844830745983,0.0018048248371858,malignant_to_nerve,nerve_neuron,0.5032,7,0.4667,False
nerve_neuron,malignant,NRXN3,NLGN1,1.6928842,0.0,2.6880028,0.7711823363832963,1.0070230050960542,0.120946,0.92889,0.0228844830745983,0.0018048248371858,nerve_to_malignant,nerve_neuron,0.5032,7,0.4667,False
nerve_c4,malignant,IL1RAPL1,PTPRS,2.309674,0.0,2.0857134,1.363592809471652,1.7769893645032664,0.10689378,0.920042,0.0063829941966877,0.0018160332012095,nerve_to_malignant,nerve_c4,0.1779,16,0.5438,True
nerve_c4,malignant,IL1RAPL1,PTPRD,2.3051436,0.0,2.0484538,1.2939235817435768,0.5827823123044245,0.10689378,0.9193765,0.0296227648967986,0.0018840047765838,nerve_to_malignant,nerve_c4,0.1779,16,0.5438,True
nerve_c3,malignant,IL1RAPL1,PTPRS,2.2711294,0.0,2.046613,1.3329937343316214,1.783181757399884,0.10488986,0.9193431,0.0081132038507614,0.0019069367088341,nerve_to_malignant,nerve_c3,0.1893,16,0.5434,True
nerve_c10,malignant,SPP1,CD44,2.0980837,0.0,2.0453475,0.9648141624061756,1.568806898231903,0.07144886,0.9193202,0.062173418182984,0.0019300059695092,nerve_to_malignant,nerve_c10,0.8274,7,0.1908,False
nerve_c15,malignant,SPP1,CD44,2.0880222,0.0,2.034019,0.9571525414360844,1.6202350733583266,0.07105313,0.919114,0.0654343207465277,0.0019532125335262,nerve_to_malignant,nerve_c15,0.2441,11,0.4778,True
malignant,nerve_c4,TIMP1,FGFR2,1.6734686,0.0,2.53734,1.5934328193512644,2.3262511678129947,0.08847641,0.9269612,0.0015116356591112,0.0019765563758021,malignant_to_nerve,nerve_c4,0.1779,16,0.5438,True
nerve_c3,malignant,IL1RAPL1,PTPRD,2.266599,0.0,2.010052,1.263324506603546,0.5889747052010421,0.10488986,0.91867226,0.0296227648967986,0.0020236555459613,nerve_to_malignant,nerve_c3,0.1893,16,0.5434,True
malignant,nerve_c13,NCAM1,NCAM2,1.6662738,0.0,2.4747071,0.6100213843099195,0.5806943261067312,0.07362324,0.92611057,0.075093703572961,0.0021195006136559,malignant_to_nerve,nerve_c13,0.3452,18,0.5887,True
nerve_c6,malignant,HLA-A,APLP2,1.6931036,0.0,1.9810431,0.4723086082573042,0.8944687511717915,0.09526026,0.9181276,0.0296227648967986,0.002143804699985,nerve_to_malignant,nerve_c6,0.2036,24,0.6567,True
nerve_c7,malignant,PTN,PTPRZ1,1.6649519,1.0,2.0021353,-0.4678074528321698,-0.1421152955895483,0.031132167,0.91852474,1.0,0.002143804699985,nerve_to_malignant,nerve_c7,0.17,15,0.5776,True
nerve_c17,malignant,GSTP1,EGFR,1.6647546,0.0,2.746503,0.4116525128932506,2.5136360486212337,0.08772794,0.92959774,0.0070874844173246,0.0021682458639106,nerve_to_malignant,nerve_c17,0.712,4,0.1815,False
nerve_c18,malignant,PSAP,LRP1,1.8248128,0.0,1.9722011,1.169064614275216,2.2572791231530496,0.09625853,0.9179593,0.022911200198788,0.0021682458639106,nerve_to_malignant,nerve_c18,0.5575,4,0.2111,False
nerve_c12,malignant,CNTN1,PTPRZ1,1.6626321,0.0,1.9903395,0.3992193398128889,1.4633204336022645,0.20328265,0.9183034,0.0296227648967986,0.0021928238214284,nerve_to_malignant,nerve_c12,0.4368,7,0.335,True
nerve_c2,malignant,SPP1,CD44,2.0328424,0.0,1.9718909,0.9151377645246735,1.5068257466270718,0.068882845,0.9179534,0.0756740198903117,0.0021928238214284,nerve_to_malignant,nerve_c2,0.4082,17,0.533,True
malignant,nerve_c7,PTN,PTPRS,1.6584029,0.0,2.2319472,0.2933945280934507,1.2823762824808258,0.08088812,0.9224993,0.0331845406470355,0.0022423913086379,malignant_to_nerve,nerve_c7,0.17,15,0.5776,True
nerve_c20,malignant,IL1RAPL1,PTPRS,2.1893554,0.0,1.9636599,1.2680768320546585,1.716627421721041,0.10063849,0.9177957,0.0118068792740797,0.0022673805306821,nerve_to_malignant,nerve_c20,0.7889,9,0.1802,False
nerve_neuron,malignant,PTN,PTPRZ1,1.6568451,1.0,1.9609135,-0.4737326969835212,-0.2105133409070727,0.030491194,0.9177429,1.0,0.0022925067049088,nerve_to_malignant,nerve_neuron,0.5032,7,0.4667,False
nerve_c5,malignant,SPP1,CD44,2.0099387,0.0,1.9461035,0.8976995623117591,1.4594587551595015,0.067982025,0.91745627,0.0792379111821639,0.0023431698095783,nerve_to_malignant,nerve_c5,0.5076,15,0.4523,False
malignant,nerve_c10,CXCL16,GRM7,0.08920659,0.997,0.0074717803,-0.0311726337470341,-0.0699962823514424,0.022570707,0.40782878,1.0,0.0023929804016876,malignant_to_nerve,nerve_c10,0.8274,7,0.1908,False
malignant,nerve_c4,NCAM1,FGFR2,1.6517012,0.0,2.4421535,1.5195648022523771,0.9624915180285964,0.08847641,0.9256562,0.0296227648967986,0.0023943804219836,malignant_to_nerve,nerve_c4,0.1779,16,0.5438,True
nerve_c20,malignant,IL1RAPL1,PTPRD,2.184825,0.0,1.9285809,1.198407604326583,0.5224203695221992,0.10063849,0.9171132,0.0296227648967986,0.0023943804219836,nerve_to_malignant,nerve_c20,0.7889,9,0.1802,False
nerve_c12,malignant,BCAN,EGFR,1.6491835,0.0,2.6995735,0.3352339126873307,2.060481138767732,0.4099216,0.92903167,0.007188075071963,0.0024461383414619,nerve_to_malignant,nerve_c12,0.4368,7,0.335,True
malignant,nerve_c6,PTN,NCL,1.6486728,0.0,2.1856642,0.091668344389904,1.0235091089680464,0.078009665,0.9217469,0.2028675415660664,0.0024722224786463,malignant_to_nerve,nerve_c6,0.2036,24,0.6567,True
malignant,nerve_c18,PTN,NCL,1.6460795,0.006,2.1733286,0.0887228742658172,1.0673653162665135,0.077569395,0.9215425,0.574325693556065,0.0024984428149972,malignant_to_nerve,nerve_c18,0.5575,4,0.2111,False
malignant,nerve_c4,PTN,PTPRS,1.643026,0.0,2.1588035,0.2750094700527816,1.0662995489491305,0.07823731,0.92129976,0.0444478710969088,0.0025779257307835,malignant_to_nerve,nerve_c4,0.1779,16,0.5438,True
malignant,nerve_c17,TIMP1,CD63,1.6393969,0.001,2.4582608,0.1511312949476372,1.3455259213186517,0.06637969,0.9258821,0.4930312527098522,0.0026046933718671,malignant_to_nerve,nerve_c17,0.712,4,0.1815,False
nerve_c0,malignant,NCAM1,PTPRA,1.6373311,0.0,1.9680644,0.6063455030148353,0.6946094317941548,0.076686986,0.9178802,0.0552680692385295,0.0026315976390567,nerve_to_malignant,nerve_c0,0.1812,15,0.5697,True
malignant,nerve_neuron,NCAM1,PTPRZ1,1.6372964,1.0,2.4099746,-0.1042478386342352,-0.282705178177681,0.18129039,0.9251985,0.8394386228507205,0.0026586385072694,malignant_to_nerve,nerve_neuron,0.5032,7,0.4667,False
nerve_c15,malignant,CNTN2,NRCAM,1.6365956,0.0,2.539034,1.7436141476798388,2.0780889622203675,0.087965906,0.9269838,0.0006742340073049,0.0026858159514224,nerve_to_malignant,nerve_c15,0.2441,11,0.4778,True
nerve_c1,malignant,GSTP1,EGFR,1.6365501,0.0,2.6614978,0.3841812150059981,2.1974544345294853,0.08501273,0.928562,0.0296227648967986,0.0027131299464329,nerve_to_malignant,nerve_c1,0.1941,18,0.5886,True
malignant,nerve_c15,PTN,NCL,1.6363064,0.0,2.12684,0.0776222979855566,1.057408188734524,0.07591014,0.9207573,0.2361145547813726,0.0027405804672179,malignant_to_nerve,nerve_c15,0.2441,11,0.4778,True
malignant,nerve_c20,PTN,PTPRZ1,1.634973,1.0,2.1204977,-0.4804521500935814,-0.3737142840566267,0.074912235,0.9206483,1.0,0.0027681674886947,malignant_to_nerve,nerve_c20,0.7889,9,0.1802,False
nerve_c9,malignant,MIF,EGFR,1.633188,0.0,2.651365,0.3588553118771994,2.0721040038116234,0.104953684,0.9284354,0.0296227648967986,0.0027958909857803,nerve_to_malignant,nerve_c9,0.4802,7,0.3212,True
nerve_c2,malignant,CALM1,PTPRA,1.6299088,0.0,1.9562917,0.4072184625135323,0.3880769859380878,0.07963488,0.9176538,0.0476206144677413,0.0028517473064469,nerve_to_malignant,nerve_c2,0.4082,17,0.533,True
nerve_c7,malignant,IL1RAPL1,PTPRS,2.0841773,0.0,1.8569654,1.1845790994572982,1.5484524566617912,0.09517034,0.9156635,0.021791008657169,0.0029081492285548,nerve_to_malignant,nerve_c7,0.17,15,0.5776,True
malignant,nerve_c20,CALM1,GRM3,1.6290951,0.0,2.6347933,1.8973623202496992,1.3161794245493166,0.12726273,0.92822677,0.0179906433649853,0.0029081492285548,malignant_to_nerve,nerve_c20,0.7889,9,0.1802,False
nerve_c16,malignant,HLA-A,APLP2,1.6286511,0.0,1.8840985,0.4200257007329137,0.8969777102151364,0.09059859,0.9162219,0.0296227648967986,0.0029365541291931,nerve_to_malignant,nerve_c16,0.2917,16,0.4833,True
nerve_neuron,malignant,NRG3,EGFR,1.6206982,0.0,2.6137223,1.397184901133899,3.5587630626765208,0.46661708,0.92795885,6.006459423459428e-05,0.0030225884676041,nerve_to_malignant,nerve_neuron,0.5032,7,0.4667,False
malignant,nerve_neuron,BCAN,NRCAM,1.6188138,0.0,2.4239774,0.4080813436722215,1.3692635478681223,0.25494158,0.92539877,0.0296227648967986,0.0030515391135791,malignant_to_nerve,nerve_neuron,0.5032,7,0.4667,False
nerve_c20,malignant,EDIL3,ITGAV,1.8515625,0.0,1.839116,1.7864374684821285,1.7787675901450533,0.082553975,0.9152898,0.0054046549130809,0.003080625984335,nerve_to_malignant,nerve_c20,0.7889,9,0.1802,False
nerve_c6,malignant,SPP1,CD44,1.9068848,0.0,1.8300731,0.8192333894054842,1.4354377839536667,0.06392881,0.91509855,0.1114367299686148,0.003109849054789,nerve_to_malignant,nerve_c6,0.2036,24,0.6567,True
malignant,nerve_c0,NLGN1,NRXN3,1.6133187,0.0,2.4857225,0.6956100733764982,0.787954712336566,0.11184444,0.9262624,0.0296227648967986,0.0031245119654922,malignant_to_nerve,nerve_c0,0.1812,15,0.5697,True
nerve_c0,malignant,NRXN3,NLGN1,1.6133187,0.0,2.4857225,0.6956100733764982,0.787954712336566,0.11184444,0.9262624,0.0296227648967986,0.0031245119654922,nerve_to_malignant,nerve_c0,0.1812,15,0.5697,True
nerve_c18,malignant,HLA-A,APLP2,1.6125343,0.0,1.8598567,0.4069512946767283,0.8149775362924407,0.0894329,0.91572356,0.0296227648967986,0.0031687036944598,nerve_to_malignant,nerve_c18,0.5575,4,0.2111,False
nerve_c10,malignant,BMP2,SMO,0.09136845,0.0,0.008078342,0.0882837777695019,0.151418876577789,0.10146649,0.41728672,0.2586199024895275,0.0031903576606738,nerve_to_malignant,nerve_c10,0.8274,7,0.1908,False
nerve_c7,malignant,IL1RAPL1,PTPRD,2.0796468,0.0,1.8237923,1.114909871729223,0.3542454044629493,0.09517034,0.9149649,0.061621894176913,0.0031983352135109,nerve_to_malignant,nerve_c7,0.17,15,0.5776,True
malignant,nerve_c9,TIMP1,FGFR2,1.6088965,0.0,2.387471,1.490731268215829,2.192309778956618,0.083250515,0.92487323,0.0032843179614764,0.0032580065246303,malignant_to_nerve,nerve_c9,0.4802,7,0.3212,True
nerve_c16,malignant,SPP1,CD44,1.8861098,0.0,1.8066822,0.8034140754649938,1.3848154281252807,0.063111715,0.9145975,0.1202461287940748,0.0032880462665329,nerve_to_malignant,nerve_c16,0.2917,16,0.4833,True
nerve_c5,malignant,MIF,EGFR,1.6084142,0.0,2.5766995,0.3378125135709817,2.0630197077177397,0.10199806,0.9274806,0.0296227648967986,0.0033182220325536,nerve_to_malignant,nerve_c5,0.5076,15,0.4523,False
malignant,nerve_c2,TIMP1,CD63,1.6055171,0.0,2.3796272,0.126581948712118,0.7861104093995956,0.06425637,0.92475885,0.1802969881797999,0.0033485337976096,malignant_to_nerve,nerve_c2,0.4082,17,0.533,True
nerve_c20,malignant,NCAM1,PTPRA,1.6041875,0.0,1.9154944,0.5749599266763161,0.5846144076200616,0.07463856,0.916854,0.0692979049286068,0.003378981536618,nerve_to_malignant,nerve_c20,0.7889,9,0.1802,False
nerve_c4,malignant,NCAM1,PTPRA,1.6040924,0.0,1.9153435,0.5748676079921187,0.572488782791884,0.07463268,0.916851,0.0697733022649364,0.003409565224496,nerve_to_malignant,nerve_c4,0.1779,16,0.5438,True
malignant,nerve_c7,CALM1,PDE1C,1.6023161,0.0,2.5549557,0.940428316110339,1.0710616300165832,0.08896245,0.927195,0.0296227648967986,0.0034711396968088,malignant_to_nerve,nerve_c7,0.17,15,0.5776,True
nerve_c18,malignant,NCAM1,PTPRZ1,1.6233152,1.0,1.7904205,-0.1612067087753062,0.6643945744943431,0.021762047,0.9142437,1.0,0.0034711396968088,nerve_to_malignant,nerve_c18,0.5575,4,0.2111,False
nerve_c9,malignant,GSTP1,EGFR,1.5971308,0.0,2.5426924,0.3457824186184218,1.986467890639902,0.081217885,0.9270325,0.0308321199518736,0.0035332583076177,nerve_to_malignant,nerve_c9,0.4802,7,0.3212,True
nerve_c16,malignant,NCAM1,PTPRZ1,1.6166065,1.0,1.7563076,-0.1675598779601675,0.6139605472724418,0.021347415,0.9134866,1.0,0.00359592021225,nerve_to_malignant,nerve_c16,0.2917,16,0.4833,True
malignant,nerve_c3,PTN,PTPRS,1.5922132,0.0,1.9171002,0.21425436132066,1.0564974663297906,0.06947773,0.916886,0.1072408253332044,0.0036909313061676,malignant_to_nerve,nerve_c3,0.1893,16,0.5434,True
nerve_c6,malignant,PSAP,LRP1,1.6550115,0.0,1.7482022,0.9804927737353788,1.6134694208927662,0.085325666,0.9133036,0.0296227648967986,0.0037549505674588,nerve_to_malignant,nerve_c6,0.2036,24,0.6567,True
malignant,nerve_c9,NCAM1,FGFR2,1.5871294,0.0,2.2979066,1.416863251116942,0.8285501291722199,0.083250515,0.92353404,0.0296227648967986,0.0038195124202536,malignant_to_nerve,nerve_c9,0.4802,7,0.3212,True
malignant,nerve_neuron,PTN,PTPRS,1.5849507,0.0,1.882554,0.2055703036881916,1.0773853053394564,0.06822574,0.91619045,0.1220494755141603,0.00395026240522,malignant_to_nerve,nerve_neuron,0.5032,7,0.4667,False
nerve_c4,malignant,EDIL3,ITGAV,1.7606777,0.0,1.731701,1.671984261834844,1.6711590114232282,0.07773235,0.91292745,0.0093786422681194,0.0039832888778898,nerve_to_malignant,nerve_c4,0.1779,16,0.5438,True
nerve_c12,malignant,NCAM1,PTPRA,1.5814544,0.0,1.8794369,0.553431992740023,0.7761443555898636,0.07323355,0.9161268,0.0764700385664068,0.0039832888778898,nerve_to_malignant,nerve_c12,0.4368,7,0.335,True
nerve_c4,malignant,LRPAP1,LRP8,0.09229893,1.0,0.008404599,-0.2905874402496864,-0.3382535658060727,0.013441009,0.42210802,1.0,0.0039875935031074,nerve_to_malignant,nerve_c4,0.1779,16,0.5438,True
nerve_c6,malignant,GSTP1,EGFR,1.5759244,0.0,2.4787788,0.3251271788029933,2.066500873499336,0.07917638,0.9261668,0.0389459421155714,0.0040164508228562,nerve_to_malignant,nerve_c6,0.2036,24,0.6567,True
malignant,nerve_c0,CALM1,GRM3,1.5749503,0.0,2.473368,1.7736671405105957,1.3467470932746752,0.119465746,0.926092,0.0239138223572764,0.0040497482150363,malignant_to_nerve,nerve_c0,0.1812,15,0.5697,True
nerve_c0,malignant,EDIL3,ITGAV,1.7557032,0.0,1.7258217,1.665718763277033,1.765524748961836,0.07746844,0.91279215,0.0058513104552862,0.0040831810293471,nerve_to_malignant,nerve_c0,0.1812,15,0.5697,True
nerve_c5,malignant,CNTN2,NRCAM,1.5707695,0.0,2.3727286,1.6212510620042575,1.8726563383207069,0.082204185,0.92465776,0.0032843179614764,0.0041167492407058,nerve_to_malignant,nerve_c5,0.5076,15,0.4523,False
malignant,nerve_c22,PTN,CDH10,1.5697473,0.0,1.810236,0.5179140659032294,1.6247704806734362,0.52833754,0.9146742,0.011898604583856,0.0041842917542358,malignant_to_nerve,nerve_c22,1.0,1,-0.0,False
nerve_c22,malignant,SPP1,CD44,1.81014,0.0,1.7211465,0.7455695836858592,1.186536117237544,0.060123745,0.91268414,0.1623963627064849,0.0042523755549633,nerve_to_malignant,nerve_c22,1.0,1,-0.0,False
malignant,nerve_c2,PTN,NCL,1.5666177,0.006,1.7953494,-0.0015303809212345,0.8738879250808131,0.06407874,0.9143514,0.574325693556065,0.0042866203753191,malignant_to_nerve,nerve_c2,0.4082,17,0.533,True
malignant,nerve_neuron,CALM1,CACNA1C,1.5628214,0.0,2.437207,1.1104226822511778,1.1575250594729618,0.59776247,0.9255864,0.0034495126624352,0.004424951871422,malignant_to_nerve,nerve_neuron,0.5032,7,0.4667,False
nerve_c2,malignant,GSTP1,EGFR,1.5622978,0.0,2.43771,0.3118539053334886,2.0333297081912702,0.07786457,0.9255935,0.0480479495836472,0.0044598726737035,nerve_to_malignant,nerve_c2,0.4082,17,0.533,True
malignant,nerve_c0,PTN,PTPRS,1.5515538,0.0,1.7236944,0.1656389103546919,1.0177305178692595,0.062468503,0.9127431,0.2196585819099225,0.0046009060968882,malignant_to_nerve,nerve_c0,0.1812,15,0.5697,True
nerve_c2,malignant,CNTN2,NRCAM,1.550304,0.0,2.321024,1.583210051866914,1.9237672931708472,0.08041286,0.9238867,0.0023764685217799,0.0046365022511876,nerve_to_malignant,nerve_c2,0.4082,17,0.533,True
malignant,nerve_c12,MDK,PTPRZ1,1.5497642,0.098,1.8009529,0.0286321944373901,0.4292782625122979,0.19534229,0.91447335,0.7529680582829816,0.0046722334012099,malignant_to_nerve,nerve_c12,0.4368,7,0.335,True
malignant,nerve_c3,NCAM1,ROBO1,1.5493128,0.0,2.2134287,0.9105662412251828,0.6532670254606132,0.144659,0.9222009,0.0296227648967986,0.0047441005880916,malignant_to_nerve,nerve_c3,0.1893,16,0.5434,True
nerve_c10,malignant,HLA-A,APLP2,1.547334,0.0,1.7617872,0.3540615356488232,0.5684438743562701,0.08471714,0.91360956,0.0296227648967986,0.0047802365747854,nerve_to_malignant,nerve_c10,0.8274,7,0.1908,False
nerve_c10,malignant,LAMC1,ITGA6_ITGB4,0.09590161,1.0,0.0090225,-0.152476460741226,-0.2809458436696462,0.06481487,0.43078372,1.0,0.0047846879415298,nerve_to_malignant,nerve_c10,0.8274,7,0.1908,False
malignant,nerve_c20,PTN,PTPRS,1.5464538,0.0,1.6994348,0.1595412281459987,0.9922894019805568,0.061589304,0.91217697,0.2392718703537458,0.0048165074568707,malignant_to_nerve,nerve_c20,0.7889,9,0.1802,False
nerve_c10,malignant,GSTP1,EGFR,1.5455487,0.0,2.3872302,0.2955391538299723,1.8856274217657465,0.07625216,0.9248697,0.0577085665009023,0.0048894538068843,nerve_to_malignant,nerve_c10,0.8274,7,0.1908,False
malignant,nerve_c4,CALM1,PDE1A,1.5442553,0.0,2.3818545,1.5667716045211082,1.2287884122182433,0.16242492,0.9247914,0.0051221087040865,0.0049261292246469,malignant_to_nerve,nerve_c4,0.1779,16,0.5438,True
malignant,nerve_c16,PTN,NCL,1.5441836,0.578,1.6886358,-0.02701089100228,0.8629935591944028,0.060269974,0.9119213,1.0,0.0049629394374696,malignant_to_nerve,nerve_c16,0.2917,16,0.4833,True
nerve_c13,malignant,NLGN1,NRXN1,1.5429564,0.0,2.135879,0.2615870394940564,0.7760002800950698,0.08075874,0.92091185,0.0335958839893002,0.0050184070530388,nerve_to_malignant,nerve_c13,0.3452,18,0.5887,True
malignant,nerve_c13,NRXN1,NLGN1,1.5429564,0.0,2.135879,0.2615870394940564,0.7760002800950698,0.08075874,0.92091185,0.0335958839893002,0.0050184070530388,malignant_to_nerve,nerve_c13,0.3452,18,0.5887,True
nerve_c18,malignant,MIF,EGFR,1.5426631,0.0,2.3785336,0.2819622076355351,2.120154965196442,0.09415371,0.9247428,0.0296227648967986,0.0050741785954698,nerve_to_malignant,nerve_c18,0.5575,4,0.2111,False
nerve_c10,malignant,EDIL3,ITGAV,1.6882577,0.0,1.6461091,1.5807818342823596,1.5244594668529032,0.07389031,0.91089153,0.0169204141158783,0.0051490107606124,nerve_to_malignant,nerve_c10,0.8274,7,0.1908,False
nerve_c9,malignant,HLA-A,APLP2,1.5415583,0.0,1.7530997,0.3493764128819187,0.5825623533025239,0.084299386,0.9134143,0.0296227648967986,0.0052243822873224,nerve_to_malignant,nerve_c9,0.4802,7,0.3212,True
malignant,nerve_c5,TIMP1,FGFR2,1.5404274,0.0,2.2285569,1.3818337333241744,2.1392813272069384,0.07770922,0.92244494,0.0059165342931202,0.0053002921916237,malignant_to_nerve,nerve_c5,0.5076,15,0.4523,False
nerve_c18,malignant,SPP1,CD44,1.7210495,0.0,1.6208379,0.6777350587539547,1.410011861394219,0.05661973,0.9102617,0.2221149140099881,0.0053002921916237,nerve_to_malignant,nerve_c18,0.5575,4,0.2111,False
malignant,nerve_neuron,NLGN4X,NRXN1,1.6556426,0.0,1.618079,0.6602571557763368,0.937165788427452,0.26084712,0.9101921,0.0176835667221469,0.0053384489726639,malignant_to_nerve,nerve_neuron,0.5032,7,0.4667,False
malignant,nerve_c22,NCAM1,NCAM2,1.5398738,0.0,2.1923432,0.5000840154885083,0.2098471919559394,0.06522284,0.9218569,0.1744770345290442,0.0053384489726639,malignant_to_nerve,nerve_c22,1.0,1,-0.0,False
malignant,nerve_c0,PTN,PTPRZ1,1.5364629,1.0,1.6519108,-0.5513437811268751,-0.4366485215115161,0.05835815,0.9110342,1.0,0.005492421037489,malignant_to_nerve,nerve_c0,0.1812,15,0.5697,True
nerve_c10,malignant,WNT5B,FZD3_LRP5,0.095969446,0.0,0.009121549,0.1032854030329898,0.1162649798189585,0.12900138,0.4321228,0.3279597277004376,0.0055816409884824,nerve_to_malignant,nerve_c10,0.8274,7,0.1908,False
malignant,nerve_neuron,CALM1,GRM7,1.5279944,0.0,2.3333747,1.6991014818105532,1.2935399113701689,0.52605414,0.9240731,0.0014286340275752,0.0056485438034,malignant_to_nerve,nerve_neuron,0.5032,7,0.4667,False
nerve_c12,malignant,BCAN,NRCAM,1.5273216,0.0,2.2629602,0.3281765530399891,0.9756317958520708,0.4099216,0.92299116,0.0296227648967986,0.0056879103538011,nerve_to_malignant,nerve_c12,0.4368,7,0.335,True
nerve_neuron,malignant,CNTN1,NRCAM,1.5265214,0.0,2.2609386,1.07738342107416,1.7298635183152826,0.4647604,0.9229594,0.0010723979479806,0.0057274103662583,nerve_to_malignant,nerve_neuron,0.5032,7,0.4667,False
malignant,nerve_c1,PTN,NCL,1.5261111,0.998,1.6026702,-0.0475374108749636,0.8670760030260302,0.05720173,0.90980023,1.0,0.005767045475563,malignant_to_nerve,nerve_c1,0.1941,18,0.5886,True
malignant,nerve_c4,CALM1,GRM3,1.5249364,0.0,2.3242579,1.659413237653142,1.1712402645022904,0.112263605,0.92393565,0.0296227648967986,0.0058068148281061,malignant_to_nerve,nerve_c4,0.1779,16,0.5438,True
malignant,nerve_c5,NCAM1,FGFR2,1.5186602,0.0,2.1449542,1.3079657162252871,0.7755216774225402,0.07770922,0.92106616,0.049373960054626,0.005967234169006,malignant_to_nerve,nerve_c5,0.5076,15,0.4523,False
nerve_c9,malignant,SPP1,ITGAV_ITGB1,2.112077,0.0,1.5615349,1.0018833529164728,1.0576872108069812,0.07502034,0.9087276,0.0655491419817036,0.0060482486467325,nerve_to_malignant,nerve_c9,0.4802,7,0.3212,True
malignant,nerve_c7,TIMP1,FGFR2,1.5172863,0.0,2.1748471,1.3450287030603862,2.2807005398137363,0.07583638,0.9215678,0.0075876814677653,0.0060482486467325,malignant_to_nerve,nerve_c7,0.17,15,0.5776,True
malignant,nerve_c10,PTN,PTPRS,1.517108,0.0,1.5598444,0.1244534414233811,0.7967916219705381,0.0565304,0.9086827,0.3863916537111024,0.0061297993950931,malignant_to_nerve,nerve_c10,0.8274,7,0.1908,False
malignant,nerve_c3,PTN,PTPRZ1,1.5165219,1.0,1.5570569,-0.565693615421367,-0.5264906145346719,0.055007186,0.90860844,1.0,0.0061707758080541,malignant_to_nerve,nerve_c3,0.1893,16,0.5434,True
malignant,nerve_c20,CALM3,PDE1C,1.5970219,0.0,1.5549234,1.5486043348840242,1.5773447633701,0.134683,0.9085515,0.0138110550848051,0.0062531305861229,malignant_to_nerve,nerve_c20,0.7889,9,0.1802,False
nerve_c17,malignant,SPP1,ITGAV_ITGB1,2.0979176,0.0,1.549943,0.9911023289380464,1.1262781433352012,0.07446344,0.9084181,0.0706283048837669,0.0062945089010652,nerve_to_malignant,nerve_c17,0.712,4,0.1815,False
nerve_c1,malignant,SPP1,ITGAV_ITGB1,2.0842075,0.0,1.5387189,0.9806630861007224,1.0680539758723575,0.073924206,0.9081154,0.0722220131130314,0.006377667257351,nerve_to_malignant,nerve_c1,0.1941,18,0.5886,True
nerve_c9,malignant,WNT2B,FZD3_LRP5,0.09612861,0.0,0.009155096,0.073136987600984,0.1103767199209898,0.058130886,0.4325733,0.3411956032371789,0.0063784526565066,nerve_to_malignant,nerve_c9,0.4802,7,0.3212,True
nerve_c9,malignant,EDIL3,ITGAV,1.5862814,0.0,1.5255853,1.4523589244241115,1.4406527922966137,0.06848025,0.9077571,0.0244464471436646,0.0065879044910673,nerve_to_malignant,nerve_c9,0.4802,7,0.3212,True
malignant,nerve_c12,TNC,PTPRZ1,1.5063801,0.104,1.5992272,0.0269417339546175,0.6595895321296071,0.19534229,0.90971196,0.675746186477718,0.0065879044910673,malignant_to_nerve,nerve_c12,0.4368,7,0.335,True
malignant,nerve_c7,PTN,PTPRZ1,1.5078377,1.0,1.5157479,-0.5719432853361484,-0.41076230183266,0.053547837,0.9074859,1.0,0.0067156524567938,malignant_to_nerve,nerve_c7,0.17,15,0.5776,True
nerve_c3,malignant,EDIL3,ITGAV,1.5693418,0.0,1.5055647,1.43102511340256,1.5403468093001844,0.06758157,0.90720254,0.0163800250211028,0.0068446034195213,nerve_to_malignant,nerve_c3,0.1893,16,0.5434,True
nerve_c5,malignant,GSTP1,EGFR,1.5024543,0.0,2.257349,0.2535634256471666,1.8904160244085693,0.07210353,0.9229029,0.0837937569666734,0.0069312387252355,nerve_to_malignant,nerve_c5,0.5076,15,0.4523,False
malignant,nerve_c10,APOE,ABCA1,1.5010549,0.0,2.1192114,0.8222696019997616,1.358836257350592,0.15048516,0.9206261,0.0076799506728455,0.0069747567020128,malignant_to_nerve,nerve_c10,0.8274,7,0.1908,False
nerve_c5,malignant,HLA-A,APLP2,1.4995811,0.0,1.6899607,0.3153252884685198,0.5646090448332952,0.0812633,0.9119528,0.0305746122309862,0.0070184081946264,nerve_to_malignant,nerve_c5,0.5076,15,0.4523,False
nerve_c15,malignant,APP,LRP1,1.4978701,0.0,1.5409038,0.5818660750082524,1.1696984509960164,0.06652532,0.9081745,0.1454718287061251,0.0071501625896982,nerve_to_malignant,nerve_c15,0.2441,11,0.4778,True
nerve_c2,malignant,MIF,EGFR,1.4955828,0.0,2.2366388,0.2419707368897223,1.8922136996261976,0.088536836,0.92257434,0.0401325224387746,0.0073277040412132,nerve_to_malignant,nerve_c2,0.4082,17,0.533,True
malignant,nerve_c7,NCAM1,FGFR2,1.495519,0.0,2.0932593,1.2711606859614992,0.916940890029338,0.07583638,0.9201747,0.0599550864134911,0.0073724227547342,malignant_to_nerve,nerve_c7,0.17,15,0.5776,True
nerve_c1,malignant,CALM1,PTPRA,1.495517,0.0,1.7431294,0.294352739098378,0.2714371374968153,0.070957676,0.9131885,0.1136377736813458,0.0074172747583465,nerve_to_malignant,nerve_c1,0.1941,18,0.5886,True
malignant,nerve_c0,IL1RAPL1,PTPRD,1.8434625,0.0,1.4841311,1.1245376759445858,-0.1643347705028151,0.09652644,0.9065972,0.3150506127722548,0.0075073785355133,malignant_to_nerve,nerve_c0,0.1812,15,0.5697,True
nerve_c0,malignant,NCAM1,NCAM2,1.5397404,0.0,1.4837023,0.552668937835429,-0.2452485872321428,0.076686986,0.906585,0.4790042256346826,0.0075526302589021,nerve_to_malignant,nerve_c0,0.1812,15,0.5697,True
nerve_c7,malignant,NCAM1,PTPRA,1.4860609,0.0,1.7281307,0.4630946116460563,0.5637019362658989,0.0673378,0.9128454,0.1346250118851578,0.0076435332498765,nerve_to_malignant,nerve_c7,0.17,15,0.5776,True
nerve_c15,malignant,CALM1,PTPRA,1.4843409,0.0,1.7254027,0.28496651347236,0.2641400868923661,0.07023607,0.9127825,0.1194385503680538,0.0076891844672963,nerve_to_malignant,nerve_c15,0.2441,11,0.4778,True
malignant,nerve_c20,IL1RAPL1,PTPRD,1.838969,0.0,1.479998,1.1203218075048385,-0.2777690351377424,0.09625762,0.90647906,0.3150506127722548,0.0076891844672963,malignant_to_nerve,nerve_c20,0.7889,9,0.1802,False
nerve_c15,malignant,SPP1,ITGAV_ITGB1,2.0112097,0.0,1.478958,0.9250816327266432,0.9825619117788448,0.07105313,0.90644926,0.0936950135371426,0.0077349687992273,nerve_to_malignant,nerve_c15,0.2441,11,0.4778,True
nerve_c6,malignant,CALM1,PTPRA,1.4836848,0.0,1.724362,0.2844154781071408,0.2498129118789945,0.07019371,0.91275847,0.1325827550798742,0.0077808862205868,nerve_to_malignant,nerve_c6,0.2036,24,0.6567,True
nerve_c16,malignant,PSAP,LRP1,1.4835354,0.0,1.5219938,0.7900606823664768,1.4312572992155643,0.074284956,0.9076584,0.0713525591863932,0.0078269367062919,nerve_to_malignant,nerve_c16,0.2917,16,0.4833,True
malignant,nerve_c9,FGF1,FGFRL1,0.10070279,1.0,0.00944271,-0.0468974109072596,-0.4733120199296592,0.11149582,0.43637344,1.0,0.0079716519059351,malignant_to_nerve,nerve_c9,0.4802,7,0.3212,True
malignant,nerve_c10,NCAM1,NCAM2,1.4820907,0.0,2.0632617,0.4498264000863456,-0.0547399025056047,0.061382625,0.919643,0.8015322345606147,0.0080124678107877,malignant_to_nerve,nerve_c10,0.8274,7,0.1908,False
malignant,nerve_c4,IL1RAPL1,PTPRD,1.8224365,0.0,1.464791,1.1048102782893805,-0.2812821746664302,0.09526858,0.9060404,0.3150506127722548,0.0080591832391851,malignant_to_nerve,nerve_c4,0.1779,16,0.5438,True
nerve_c1,malignant,HLA-A,APLP2,1.4802008,0.0,1.6608104,0.299604759293634,0.7118450050392666,0.079861574,0.9112517,0.0365833531750657,0.0081060315814315,nerve_to_malignant,nerve_c1,0.1941,18,0.5886,True
malignant,nerve_c3,CALM1,PDE1C,1.4800947,0.0,2.1905682,0.7740470142939387,0.8178050715911936,0.07627463,0.9218277,0.0575021619222183,0.008153012812444,malignant_to_nerve,nerve_c3,0.1893,16,0.5434,True
nerve_c3,malignant,NCAM1,PTPRA,1.4757913,0.0,1.711842,0.4533689976735761,0.4920580844213166,0.0667031,0.9124679,0.1425989785884287,0.00829475358725,nerve_to_malignant,nerve_c3,0.1893,16,0.5434,True
nerve_c13,malignant,IL1RAPL1,PTPRS,1.6841723,0.0,1.4511933,0.8670294746939635,1.420204781424731,0.07437433,0.9056426,0.0709380210862591,0.0083422661224987,nerve_to_malignant,nerve_c13,0.3452,18,0.5887,True
nerve_c1,malignant,CNTN2,NRCAM,1.4753199,0.0,2.131581,1.4438211838482051,1.884471838296213,0.07384953,0.9208385,0.0041142157714422,0.0083899114210993,nerve_to_malignant,nerve_c1,0.1941,18,0.5886,True
nerve_c21,malignant,PKM,CD44,1.564438,0.0,1.4445062,0.726304369419377,1.5536164146029834,0.19155338,0.9054451,0.0112188681227958,0.0084856002080248,nerve_to_malignant,nerve_c21,1.0,1,-0.0,False
nerve_c20,malignant,NCAM1,NCAM2,1.5065968,0.0,1.4440703,0.5212833614969099,-0.355243611406236,0.07463856,0.9054322,0.5561444765042641,0.0085336436461841,nerve_to_malignant,nerve_c20,0.7889,9,0.1802,False
nerve_c4,malignant,NCAM1,NCAM2,1.5065017,0.0,1.4439566,0.5211910428127124,-0.3673692362344136,0.07463268,0.9054288,0.5586460129380213,0.0085818197473638,nerve_to_malignant,nerve_c4,0.1779,16,0.5438,True
nerve_c4,malignant,NRXN3,NLGN1,1.464491,0.0,2.1073558,0.5542533951946462,0.5611540011451299,0.094819926,0.9204209,0.0296227648967986,0.0087514789256159,nerve_to_malignant,nerve_c4,0.1779,16,0.5438,True
malignant,nerve_c4,NLGN1,NRXN3,1.464491,0.0,2.1073558,0.5542533951946462,0.5611540011451299,0.094819926,0.9204209,0.0296227648967986,0.0087514789256159,malignant_to_nerve,nerve_c4,0.1779,16,0.5438,True
nerve_c7,malignant,NRXN3,NLGN1,1.4644467,0.0,2.107243,0.5542099234123695,0.6241474837045677,0.09481486,0.9204189,0.0296227648967986,0.0088491569910711,nerve_to_malignant,nerve_c7,0.17,15,0.5776,True
malignant,nerve_c7,NLGN1,NRXN3,1.4644467,0.0,2.107243,0.5542099234123695,0.6241474837045677,0.09481486,0.9204189,0.0296227648967986,0.0088491569910711,malignant_to_nerve,nerve_c7,0.17,15,0.5776,True
nerve_c2,malignant,SPP1,ITGAV_ITGB1,1.9560297,0.0,1.433784,0.8830668558152323,0.8691525850475899,0.068882845,0.9051257,0.1140221302786462,0.0088736598429195,nerve_to_malignant,nerve_c2,0.4082,17,0.533,True
malignant,nerve_c9,PTN,PTPRS,1.4904697,0.0,1.433133,0.0926031828954229,0.7761564440721151,0.05193825,0.9051062,0.5410059127090948,0.0089227649132372,malignant_to_nerve,nerve_c9,0.4802,7,0.3212,True
malignant,nerve_c22,NCAM1,PTPRZ1,1.4639885,0.959,2.0228236,-0.2289661104421428,-0.8899517305912164,0.15216695,0.9189086,1.0,0.0089720003797181,malignant_to_nerve,nerve_c22,1.0,1,-0.0,False
nerve_c5,malignant,APP,LRP1,1.4631633,0.0,1.4951192,0.5449294459960916,1.002660961247745,0.06454866,0.90690905,0.1754208986161093,0.0090708706656184,nerve_to_malignant,nerve_c5,0.5076,15,0.4523,False
malignant,nerve_c10,GDF11,ACVR1B_ACVR2A,0.102883786,0.853,0.009879321,-0.0142439893742349,0.0510581658445793,0.056668006,0.4419398,1.0,0.0091661808393972,malignant_to_nerve,nerve_c10,0.8274,7,0.1908,False
malignant,nerve_c10,GDF11,ACVR1B_ACVR2B,0.102883786,0.853,0.009879321,-0.0142439893742349,0.0510581658445793,0.056668006,0.4419398,1.0,0.0091661808393972,malignant_to_nerve,nerve_c10,0.8274,7,0.1908,False
nerve_c5,malignant,EDIL3,ITGAV,1.5025032,0.0,1.4265693,1.3468518296789496,1.2709948243707248,0.06403564,0.9049089,0.0499049082243374,0.0092201678852977,nerve_to_malignant,nerve_c5,0.5076,15,0.4523,False
malignant,nerve_c4,CALM1,INSR,1.4544566,0.0,2.1141315,0.831740606449221,0.7454224106304436,0.1037541,0.92053837,0.0296227648967986,0.0092701996820724,malignant_to_nerve,nerve_c4,0.1779,16,0.5438,True
nerve_c13,malignant,IL1RAPL1,PTPRD,1.6796418,0.0,1.425269,0.7973602469658884,0.225997729225889,0.07437433,0.9048696,0.1562814176678034,0.0093203616604933,nerve_to_malignant,nerve_c13,0.3452,18,0.5887,True
nerve_c12,malignant,NCAM1,NCAM2,1.4838637,0.0,1.416887,0.4997554275606167,-0.163713663436434,0.07323355,0.90461546,0.5931989114734095,0.0095731613084455,nerve_to_malignant,nerve_c12,0.4368,7,0.335,True
nerve_c20,malignant,ALCAM,CHL1,1.4439907,0.0,1.6035417,0.9509546476605938,1.4115520299458395,0.08954631,0.9098225,0.0296227648967986,0.0098292622249742,nerve_to_malignant,nerve_c20,0.7889,9,0.1802,False
malignant,nerve_c12,NRXN3,NLGN1,1.9568118,0.0,1.406112,0.7004785326421777,0.4652998309913609,0.13924018,0.9042856,0.0296227648967986,0.0099067359727066,malignant_to_nerve,nerve_c12,0.4368,7,0.335,True
nerve_c18,malignant,APP,LRP1,1.4431399,0.0,1.4687047,0.5236219118894377,1.0767230028585368,0.06340827,0.9061539,0.196127104196954,0.0099326272709314,nerve_to_malignant,nerve_c18,0.5575,4,0.2111,False
malignant,nerve_c20,NRXN1,NLGN1,1.439691,0.0,1.9194044,0.1931070951764485,0.3970563472091633,0.072573714,0.9169317,0.079316852479859,0.0101147855532224,malignant_to_nerve,nerve_c20,0.7889,9,0.1802,False
nerve_c20,malignant,NLGN1,NRXN1,1.439691,0.0,1.9194044,0.1931070951764485,0.3970563472091633,0.072573714,0.9169317,0.079316852479859,0.0101147855532224,nerve_to_malignant,nerve_c20,0.7889,9,0.1802,False
malignant,nerve_c20,CALM1,PDE1A,1.4379761,0.0,2.064997,1.341486981724649,1.0494452494459383,0.14081757,0.9196741,0.0105779319165307,0.0102458886629946,malignant_to_nerve,nerve_c20,0.7889,9,0.1802,False
malignant,nerve_c0,NTRK3,PTPRD,1.8291067,0.0,1.3914783,1.2154440507522912,1.5517966051553076,0.09652644,0.9038319,0.0164874275282897,0.0104573661295684,malignant_to_nerve,nerve_c0,0.1812,15,0.5697,True
nerve_c7,malignant,EDIL3,ITGAV,1.4643362,0.0,1.3814605,1.2987881448684406,1.4036593997867406,0.062010802,0.9035174,0.0287716136149671,0.010670950954115,nerve_to_malignant,nerve_c7,0.17,15,0.5776,True
malignant,nerve_c5,GDF11,ACVR1B_ACVR2A,0.1029626,1.0,0.009899724,-0.0776970909916546,-0.0350936816638394,0.028806522,0.4421942,1.0,0.0107583907653522,malignant_to_nerve,nerve_c5,0.5076,15,0.4523,False
malignant,nerve_c5,GDF11,ACVR2A_TGFBR1,0.1029626,1.0,0.009899724,-0.0776970909916546,-0.0350936816638394,0.028806522,0.4421942,1.0,0.0107583907653522,malignant_to_nerve,nerve_c5,0.5076,15,0.4523,False
nerve_c17,malignant,NCAM1,PTPRZ1,1.54205,1.0,1.3772018,-0.2381642278562373,0.6162233558880605,0.016739493,0.9033828,1.0,0.0108866392543814,nerve_to_malignant,nerve_c17,0.712,4,0.1815,False
nerve_c6,malignant,TIMP1,CD63,1.4247158,0.885,1.8480402,-0.0145316416185845,-0.0346892792360671,0.14097905,0.9154773,1.0,0.0109408918701313,nerve_to_malignant,nerve_c6,0.2036,24,0.6567,True
malignant,nerve_c16,VIM,CD44,1.4240727,0.0,1.6079333,0.1890841221351149,1.65773820956451,0.16133542,0.90993464,0.0667357537771159,0.0110497892519824,malignant_to_nerve,nerve_c16,0.2917,16,0.4833,True
nerve_c13,malignant,EDIL3,ITGAV,1.4463724,0.0,1.3602295,1.2761654341497914,1.397239690053901,0.061057787,0.90284026,0.0299050928124194,0.0111044339568698,nerve_to_malignant,nerve_c13,0.3452,18,0.5887,True
nerve_c22,malignant,IL1RAPL1,PTPRS,1.5943279,0.0,1.3600535,0.795705084107141,0.8531519261906875,0.06970338,0.9028346,0.1034389148156314,0.0111592123696834,nerve_to_malignant,nerve_c22,1.0,1,-0.0,False
malignant,nerve_c0,CALM3,PDE1C,1.43083,0.0,1.3557435,1.3223638055605156,1.461216626153163,0.11743061,0.9026953,0.0221614233677977,0.0112141198617263,malignant_to_nerve,nerve_c0,0.1812,15,0.5697,True
nerve_c21,malignant,SPP1,CD44,1.4828607,0.0,1.3526567,0.4963751568096944,1.0891283873130813,0.047251523,0.9025951,0.3150506127722548,0.0112691610225716,nerve_to_malignant,nerve_c21,1.0,1,-0.0,False
malignant,nerve_c22,RTN4,LINGO1,1.4194201,0.0,2.0140471,1.0196487197704562,0.4536167767693986,0.3558578,0.9187464,0.0296227648967986,0.0113243312014407,malignant_to_nerve,nerve_c22,1.0,1,-0.0,False
nerve_c22,malignant,IL1RAPL1,PTPRD,1.5897975,0.0,1.3357575,0.7260358563790659,-0.3410551260081544,0.06970338,0.9020411,0.7214652765175164,0.0116021558370291,nerve_to_malignant,nerve_c22,1.0,1,-0.0,False
nerve_c2,malignant,APP,LRP1,1.4112995,0.0,1.4267013,0.4897384904005173,0.9974125444729935,0.061594862,0.9049129,0.2379875943040054,0.0118832623996816,nerve_to_malignant,nerve_c2,0.4082,17,0.533,True
nerve_c6,malignant,SPP1,ITGAV_ITGB1,1.8300722,0.0,1.3306667,0.7871624806960429,0.7977646223741848,0.06392881,0.9018722,0.185983214025125,0.0119398755599555,nerve_to_malignant,nerve_c6,0.2036,24,0.6567,True
nerve_c16,malignant,SPP1,ITGAV_ITGB1,1.8092972,0.0,1.3136588,0.7713431667555525,0.7471422665457987,0.063111715,0.90130156,0.2034707761347432,0.0123398447181098,nerve_to_malignant,nerve_c16,0.2917,16,0.4833,True
nerve_c2,malignant,EDIL3,ITGAV,1.402096,0.0,1.3079001,1.220407867464692,1.2064893522508366,0.05870883,0.90110594,0.0652282678936925,0.0124552993699484,nerve_to_malignant,nerve_c2,0.4082,17,0.533,True
malignant,nerve_c7,IL1RAPL1,PTPRD,1.6452402,0.0,1.3018031,0.9385392590719552,-0.4097110408736117,0.084668,0.90089756,0.3150506127722548,0.012687775702416,malignant_to_nerve,nerve_c7,0.17,15,0.5776,True
malignant,nerve_c7,CALM1,PDE1A,1.3975422,0.0,1.9444487,1.2557755466845604,1.194847482715222,0.13259706,0.9174241,0.0150929455081513,0.012687775702416,malignant_to_nerve,nerve_c7,0.17,15,0.5776,True
malignant,nerve_c12,APP,DCC,1.3971239,0.0,1.9262894,0.6630785668804517,0.2895311280639473,0.18267521,0.91706795,0.0999708494373346,0.012746223451831,malignant_to_nerve,nerve_c12,0.4368,7,0.335,True
nerve_c13,malignant,SPP1,CD44,1.4336673,0.0,1.297269,0.4589186019856315,0.993029646833712,0.0453167,0.9007417,0.3150506127722548,0.0130404145432078,nerve_to_malignant,nerve_c13,0.3452,18,0.5887,True
malignant,nerve_c7,CALM1,INSR,1.3918588,0.0,1.9275044,0.7354590826299042,0.8440729378800073,0.09459511,0.91709197,0.0296227648967986,0.0130996460217163,malignant_to_nerve,nerve_c7,0.17,15,0.5776,True
nerve_c7,malignant,NCAM1,NCAM2,1.3884702,0.0,1.3028189,0.4094180464666501,-0.3761560827603987,0.0673378,0.9009324,0.8533681927052763,0.0133378720223633,nerve_to_malignant,nerve_c7,0.17,15,0.5776,True
malignant,nerve_c3,APOE,ABCA1,1.386734,0.0,1.8596902,0.6825093718828542,1.373315504631842,0.13205656,0.9157201,0.0159377954243678,0.0133977534023153,malignant_to_nerve,nerve_c3,0.1893,16,0.5434,True
malignant,nerve_c5,FGF1,FGFR1,0.10311404,1.0,0.01005579,-0.2591472588102541,-0.8026556237698476,0.03453911,0.44412416,1.0,0.0135433976862713,malignant_to_nerve,nerve_c5,0.5076,15,0.4523,False
nerve_c0,malignant,ALCAM,CHL1,1.3796302,0.0,1.5069959,0.8761492585600182,1.3877032335803534,0.08415491,0.90724254,0.0296227648967986,0.0140037479373687,nerve_to_malignant,nerve_c0,0.1812,15,0.5697,True
nerve_neuron,malignant,NLGN1,NRXN3,1.785907,0.0,1.2693154,0.5871441142299827,0.3407006903489091,0.1256939,0.89976364,0.0701920325736821,0.014095769669703,nerve_to_malignant,nerve_neuron,0.5032,7,0.4667,False
nerve_c3,malignant,NCAM1,NCAM2,1.3782007,0.0,1.290539,0.3996924324941698,-0.447799934604981,0.0667031,0.90050894,0.884893437218911,0.0141880841614447,nerve_to_malignant,nerve_c3,0.1893,16,0.5434,True
malignant,nerve_c13,CALM1,PDE1C,1.3767611,0.0,1.8824923,0.6333785561773034,0.742038379730132,0.06554756,0.9161892,0.1622163291741385,0.014311626274696,malignant_to_nerve,nerve_c13,0.3452,18,0.5887,True
nerve_c4,malignant,ALCAM,CHL1,1.374127,0.0,1.4987406,0.8697508191860135,1.2893709702568552,0.083693914,0.90701115,0.0296227648967986,0.0144356885052473,nerve_to_malignant,nerve_c4,0.1779,16,0.5438,True
malignant,nerve_c3,IL1RAPL1,PTPRD,1.6026139,0.0,1.2625947,0.898539788806379,-0.5099014042275423,0.08211793,0.899524,0.3150506127722548,0.0144979159105769,malignant_to_nerve,nerve_c3,0.1893,16,0.5434,True
malignant,nerve_c5,PSAP,SORT1,1.3695663,0.0,1.6412089,0.9052900965068512,0.3595842605057653,0.07939638,0.9107705,0.0586384169279302,0.0145602706524359,malignant_to_nerve,nerve_c5,0.5076,15,0.4523,False
nerve_c13,malignant,CNTN2,NRCAM,1.3681917,0.0,1.8609291,1.2446798393128518,1.786603672792983,0.064472675,0.9157458,0.0134128663255085,0.0147481169582727,nerve_to_malignant,nerve_c13,0.3452,18,0.5887,True
nerve_c15,malignant,EDIL3,ITGAV,1.3673444,0.0,1.2668277,1.1766429620287384,1.2072518745087455,0.056865185,0.8996752,0.0650225139925858,0.0148739980136991,nerve_to_malignant,nerve_c15,0.2441,11,0.4778,True
nerve_c22,malignant,SPP1,ITGAV_ITGB1,1.7333274,0.0,1.2514648,0.713498674976418,0.5488629556580622,0.060123745,0.8991232,0.2687705129528123,0.0150003982834451,nerve_to_malignant,nerve_c22,1.0,1,-0.0,False
malignant,nerve_c3,NLGN1,NRXN3,1.3636425,0.0,1.850967,0.4584660844120918,0.4240807047666557,0.08328378,0.9155385,0.0368437453512371,0.0152228468413318,malignant_to_nerve,nerve_c3,0.1893,16,0.5434,True
nerve_c3,malignant,NRXN3,NLGN1,1.3636425,0.0,1.850967,0.4584660844120918,0.4240807047666557,0.08328378,0.9155385,0.0368437453512371,0.0152228468413318,nerve_to_malignant,nerve_c3,0.1893,16,0.5434,True
nerve_neuron,malignant,IL1RAPL1,PTPRS,1.476217,0.0,1.2402399,0.7019398148507202,0.6752855162882265,0.06356287,0.8987138,0.1906426497034719,0.0152547556632446,nerve_to_malignant,nerve_neuron,0.5032,7,0.4667,False
malignant,nerve_c1,TIMP1,FGFR2,1.3562931,0.0,1.8011882,1.088969029571892,2.030336732024269,0.062806986,0.9144785,0.0366655987188851,0.0158997213169404,malignant_to_nerve,nerve_c1,0.1941,18,0.5886,True
nerve_c7,malignant,CNTN2,NRCAM,1.3520732,0.0,1.8202068,1.2147158428886775,1.7771318571711794,0.06306183,0.9148883,0.0167032457671117,0.0162929136226667,nerve_to_malignant,nerve_c7,0.17,15,0.5776,True
malignant,nerve_c13,PTN,PTPRZ1,1.4447135,1.0,1.2154826,-0.6173693393501147,-0.4956340632038003,0.042940162,0.8977924,1.0,0.0163588968133541,malignant_to_nerve,nerve_c13,0.3452,18,0.5887,True
nerve_c1,malignant,PSAP,LRP1,1.3507315,0.0,1.3468012,0.6425746291540098,1.2511625153257246,0.065734215,0.90240425,0.1565863889074372,0.0164912536197076,nerve_to_malignant,nerve_c1,0.1941,18,0.5886,True
nerve_c16,malignant,GSTP1,EGFR,1.34793,0.0,1.7916304,0.1030473382461626,1.8112364288803249,0.057227697,0.91427016,0.2194485247942739,0.0168244043788253,nerve_to_malignant,nerve_c16,0.2917,16,0.4833,True
malignant,nerve_c3,TIMP1,FGFR2,1.3466002,0.0,1.7786914,1.0735517730325126,2.024580317887822,0.062022526,0.9139857,0.0389009327908567,0.0169585687729858,malignant_to_nerve,nerve_c3,0.1893,16,0.5434,True
malignant,nerve_c21,PTN,NCL,1.438596,0.869,1.1863834,-0.1469374045886493,1.1900912891652076,0.04234382,0.8966753,0.8286581676087023,0.0172962382614022,malignant_to_nerve,nerve_c21,1.0,1,-0.0,False
nerve_c3,malignant,APP,LRP1,1.3413717,0.0,1.3344538,0.4153207473222276,0.9478922362607948,0.057612263,0.9019979,0.3150506127722548,0.0175686926321833,nerve_to_malignant,nerve_c3,0.1893,16,0.5434,True
nerve_c13,malignant,HLA-A,APLP2,1.3412685,0.0,1.4518387,0.186903569947748,0.5547162972746689,0.06981298,0.90566164,0.1019830126028336,0.0176371267863185,nerve_to_malignant,nerve_c13,0.3452,18,0.5887,True
nerve_c22,malignant,NCAM1,PTPRA,1.337519,0.004,1.4925247,0.3224272098456011,0.4199584651582074,0.058157254,0.90683573,0.5525546300320555,0.0179121563991267,nerve_to_malignant,nerve_c22,1.0,1,-0.0,False
malignant,nerve_c1,NCAM1,FGFR2,1.3345258,0.0,1.733618,1.0151010124730049,0.6665770822398707,0.062806986,0.9129714,0.2103948603499219,0.0182588363832869,malignant_to_nerve,nerve_c1,0.1941,18,0.5886,True
malignant,nerve_c9,CALM1,PDE1C,1.3341115,0.0,1.7553378,0.5753192772814744,0.5666931409213625,0.0611201,0.9134648,0.2466478949671632,0.018398408803041,malignant_to_nerve,nerve_c9,0.4802,7,0.3212,True
nerve_c15,malignant,PSAP,LRP1,1.3275989,0.0,1.316285,0.6168854839416706,1.26983922055234,0.0642448,0.9013903,0.1808527095577764,0.0193897936135338,nerve_to_malignant,nerve_c15,0.2441,11,0.4778,True
malignant,nerve_c13,PTN,NCL,1.4230914,1.0,1.1126319,-0.1645475382530515,0.7248470731357547,0.03971152,0.89366406,1.0,0.0201863576511034,malignant_to_nerve,nerve_c13,0.3452,18,0.5887,True
nerve_c13,malignant,NCAM1,PTPRA,1.323525,0.0,1.4703285,0.3091752792869255,0.3877320810702812,0.057292357,0.9062009,0.3554154828974034,0.0202595387460022,nerve_to_malignant,nerve_c13,0.3452,18,0.5887,True
nerve_c21,malignant,VIM,CD44,1.3222977,0.306,1.171876,0.0730455874817323,0.3415631548876844,0.14434232,0.8961039,0.9361718999142712,0.0204798550184075,nerve_to_malignant,nerve_c21,1.0,1,-0.0,False
malignant,nerve_c2,PSAP,GPR37,1.3212007,0.0,1.5555717,1.521776379645916,0.695921840086595,0.112560086,0.9085688,0.0296227648967986,0.0207753963343253,malignant_to_nerve,nerve_c2,0.4082,17,0.533,True
malignant,nerve_c6,VIM,CD44,1.3202604,0.0,1.1776963,0.073178171077674,1.373468226784864,0.118166685,0.89633435,0.2487611739601651,0.0210729799935542,malignant_to_nerve,nerve_c6,0.2036,24,0.6567,True
malignant,nerve_c9,GDF11,ACVR1B_ACVR2B,0.10628645,0.585,0.01076027,-0.0035847951514877,0.0601578943012625,0.061721146,0.4524975,1.0,0.0210939832701758,malignant_to_nerve,nerve_c9,0.4802,7,0.3212,True
malignant,nerve_c9,GDF11,ACVR1B_ACVR2A,0.10628645,0.585,0.01076027,-0.0035847951514877,0.0601578943012625,0.061721146,0.4524975,1.0,0.0210939832701758,malignant_to_nerve,nerve_c9,0.4802,7,0.3212,True
malignant,nerve_c17,PTN,NCL,1.4189405,0.997,1.0928874,-0.1692621087942277,0.794952610440759,0.039006807,0.8928103,1.0,0.0216742647409636,malignant_to_nerve,nerve_c17,0.712,4,0.1815,False
malignant,nerve_c13,TIMP1,CD63,1.3114359,1.0,1.6970767,-0.0865130818858198,0.6375633888306178,0.04582566,0.91212136,1.0,0.0222070793241624,malignant_to_nerve,nerve_c13,0.3452,18,0.5887,True
malignant,nerve_c13,PTN,PTPRS,1.4142234,0.036,1.0704491,0.0014378662640309,0.8612016617823341,0.038794205,0.89181364,1.0,0.0225143389424536,malignant_to_nerve,nerve_c13,0.3452,18,0.5887,True
malignant,nerve_c18,VIM,CD44,1.3100313,0.023,1.1353033,0.0617574655445334,1.330994284704357,0.11391308,0.8946187,0.3595787837937079,0.0225914740098728,malignant_to_nerve,nerve_c18,0.5575,4,0.2111,False
malignant,nerve_c9,VIM,CD44,1.3084359,0.0,1.1286917,0.0599763710506624,1.2033319413622918,0.11324969,0.8943431,0.282502612888029,0.0229790447806309,malignant_to_nerve,nerve_c9,0.4802,7,0.3212,True
nerve_c16,malignant,CALM1,PTPRA,1.2884061,0.0,1.4146255,0.1204156174500644,0.041839038557245,0.057585247,0.9045465,0.5104798282284916,0.0255345070929508,nerve_to_malignant,nerve_c16,0.2917,16,0.4833,True
malignant,nerve_c15,COL9A3,MAG,1.623816,0.0,0.996525,2.105621372449869,1.8958844196386757,0.09686402,0.8883129,0.0027222796849719,0.0271129690722322,malignant_to_nerve,nerve_c15,0.2441,11,0.4778,True
nerve_c16,malignant,MDK,PTPRZ1,1.4661902,0.992,0.99146855,-0.100921275877461,0.7105246563081583,0.07943253,0.8880603,1.0,0.0275359014532762,nerve_to_malignant,nerve_c16,0.2917,16,0.4833,True
malignant,nerve_c2,PTN,PTPRS,1.3970962,0.183,0.98897904,-0.0190408086928349,0.7319581203824678,0.03584164,0.8879352,1.0,0.0278765017629435,malignant_to_nerve,nerve_c2,0.4082,17,0.533,True
nerve_c7,malignant,NLGN1,NRXN1,1.2764596,0.0,1.577223,0.0848607547152375,0.2763530217376908,0.059635654,0.9091413,0.2784464273020168,0.0280047483336968,nerve_to_malignant,nerve_c7,0.17,15,0.5776,True
malignant,nerve_c13,IL1RAPL1,PTPRD,1.3034453,0.0,0.98741466,0.6178184169265507,-0.7093825716694635,0.06422048,0.8878564,1.0,0.0282191122656055,malignant_to_nerve,nerve_c13,0.3452,18,0.5887,True
nerve_c21,malignant,SPP1,ITGAV_ITGB1,1.406048,0.0,0.98353183,0.4643042481002531,0.4514552257335993,0.047251523,0.8876601,0.3153020837526244,0.0284773878376038,nerve_to_malignant,nerve_c21,1.0,1,-0.0,False
malignant,nerve_c21,HLA-A,APLP2,1.2729837,0.045,1.5305694,0.1844319724372698,0.9703126922425668,0.13706192,0.90789354,0.1899742207277626,0.0285637277883578,malignant_to_nerve,nerve_c21,1.0,1,-0.0,False
nerve_c15,malignant,GSTP1,EGFR,1.271994,0.007,1.5627685,0.0290811236722063,1.6981629363475892,0.04991746,0.90876037,0.2936772744820363,0.0289103467258979,nerve_to_malignant,nerve_c15,0.2441,11,0.4778,True
malignant,nerve_c21,TIMP1,CD63,1.2664238,0.869,1.5926052,-0.11912974360348,0.9307379333211336,0.04300465,0.90954137,1.0,0.0299622079742219,malignant_to_nerve,nerve_c21,1.0,1,-0.0,False
malignant,nerve_c5,FGF1,FGFRL1,0.107562706,1.0,0.011186899,-0.0215472497873279,-0.4511638690138599,0.13209051,0.45731828,1.0,0.0302171237007289,malignant_to_nerve,nerve_c5,0.5076,15,0.4523,False
malignant,nerve_c21,APP,CD74,1.2615199,0.0,1.5908272,0.5060893319956007,0.407319154890372,0.14035359,0.9094954,0.0414064720339567,0.0304948811606588,malignant_to_nerve,nerve_c21,1.0,1,-0.0,False
malignant,nerve_c2,TIMP1,FGFR2,1.256773,0.0,1.5702059,0.930682525728536,1.7473315091817427,0.054752693,0.908957,0.0721851238552457,0.0321198021138845,malignant_to_nerve,nerve_c2,0.4082,17,0.533,True
malignant,nerve_c18,PTN,PTPRS,1.3863075,0.561,0.93766,-0.0319403778806631,0.7500116203817061,0.033981785,0.8852565,1.0,0.0325783164839292,malignant_to_nerve,nerve_c18,0.5575,4,0.2111,False
malignant,nerve_c15,PSAP,GPR37,1.2531174,0.0,1.4350219,1.386694119323992,0.639301720413842,0.103837185,0.90516275,0.0296227648967986,0.0326703940322745,malignant_to_nerve,nerve_c15,0.2441,11,0.4778,True
nerve_c17,malignant,PTN,NCL,1.2520471,1.0,1.4175634,-0.209213866613987,-0.141909202335479,0.064811446,0.9046361,1.0,0.0329473631911944,nerve_to_malignant,nerve_c17,0.712,4,0.1815,False
malignant,nerve_c5,COL9A3,MAG,1.5295715,0.0,0.93185586,1.959641974232022,1.6463251367333198,0.09057807,0.88494086,0.0109968397872903,0.0333183936483188,malignant_to_nerve,nerve_c5,0.5076,15,0.4523,False
malignant,nerve_c13,NTRK3,PTPRD,1.2890896,0.0,0.92577136,0.7087247917342563,1.0067488039886592,0.06422048,0.8846069,0.1814794305903029,0.033784970889495,malignant_to_nerve,nerve_c13,0.3452,18,0.5887,True
malignant,nerve_c2,PSAP,SORT1,1.2457744,0.0,1.4220202,0.7367490255823578,0.2778572280366727,0.068792745,0.9047714,0.115555179430781,0.0346325951208626,malignant_to_nerve,nerve_c2,0.4082,17,0.533,True
malignant,nerve_c2,COL9A3,MAG,1.4970206,0.0,0.9095199,1.909225010464701,1.662339856121156,0.08840697,0.88369983,0.0100447514406551,0.0361641880044052,malignant_to_nerve,nerve_c2,0.4082,17,0.533,True
malignant,nerve_c15,PSAP,SORT1,1.2354687,0.0,1.4037728,0.7227181129160295,0.3519311801873247,0.06790999,0.90421355,0.1266704622828098,0.0369418114962218,malignant_to_nerve,nerve_c15,0.2441,11,0.4778,True
malignant,nerve_c2,NCAM1,FGFR2,1.2350056,0.0,1.5113008,0.856814508629649,0.3835718593973447,0.054752693,0.90736246,0.4372717890455563,0.0370395699402756,malignant_to_nerve,nerve_c2,0.4082,17,0.533,True
malignant,nerve_c1,COL9A3,MAG,1.483344,0.0,0.9001352,1.888041953999975,1.6663114238552474,0.08749477,0.88316584,0.0097923587228305,0.0372354472947002,malignant_to_nerve,nerve_c1,0.1941,18,0.5886,True
malignant,nerve_c15,TIMP1,FGFR2,1.2264626,0.0,1.4998567,0.8824737145023773,1.8472180523958297,0.05229963,0.9070425,0.0819597448599827,0.0388201733699207,malignant_to_nerve,nerve_c15,0.2441,11,0.4778,True
malignant,nerve_c13,TIMP1,FGFR2,1.2191436,0.0,1.4828697,0.8708339353132927,1.842598586084904,0.0517073,0.9065612,0.087763900355751,0.0404362477495162,malignant_to_nerve,nerve_c13,0.3452,18,0.5887,True
malignant,nerve_c18,TIMP1,FGFR2,1.2183721,0.0,1.4810792,0.8696062296344546,1.9961653458303672,0.051644865,0.90651006,0.088709231805089,0.0408451524772059,malignant_to_nerve,nerve_c18,0.5575,4,0.2111,False
malignant,nerve_c18,HLA-A,APLP2,1.2100154,0.006,1.3324906,0.1032081815332984,0.4205027483318481,0.119324036,0.90193284,0.574325693556065,0.0422916701465402,malignant_to_nerve,nerve_c18,0.5575,4,0.2111,False
malignant,nerve_c2,CALM1,PDE1C,1.208128,0.0,1.3797348,0.4038176879975634,0.3822201098455779,0.048041765,0.90346295,0.4457062857332576,0.0428140669847193,malignant_to_nerve,nerve_c2,0.4082,17,0.533,True
malignant,nerve_c15,FN1,MAG,1.5997463,0.0,0.8567023,2.12420286831431,2.3302776621696415,0.09686402,0.88059014,2.7123099850174628e-05,0.0431289594788178,malignant_to_nerve,nerve_c15,0.2441,11,0.4778,True
malignant,nerve_c15,NCAM1,FGFR2,1.2046952,0.0,1.4435908,0.8086056974034903,0.4834584026114317,0.05229963,0.905418,0.3150506127722548,0.0433394918932902,malignant_to_nerve,nerve_c15,0.2441,11,0.4778,True
malignant,nerve_c18,NCAM1,FGFR2,1.196605,0.0,1.4255177,0.7957382125355675,0.6324056960459692,0.051644865,0.9048771,0.3150506127722548,0.0464467239118702,malignant_to_nerve,nerve_c18,0.5575,4,0.2111,False
malignant,nerve_c15,BMP1,BMPR2,0.110692404,1.0,0.012188068,-0.2648624464449193,-0.4888073387055459,0.017871028,0.4679723,1.0,0.0484074878746087,malignant_to_nerve,nerve_c15,0.2441,11,0.4778,True
nerve_c17,malignant,MIF,EGFR,1.1585937,0.739,1.220993,-0.044274526129301,1.7449055548997507,0.048332732,0.89799976,0.2600737654320987,0.0561362553415913,nerve_to_malignant,nerve_c17,0.712,4,0.1815,False
nerve_c21,malignant,PTN,PTPRZ1,1.4266462,1.0,0.79039496,-0.6419822450823156,-0.314207391339272,0.012290233,0.8762894,1.0,0.0566134460318668,nerve_to_malignant,nerve_c21,1.0,1,-0.0,False
nerve_c21,malignant,APOE,LRP1,1.1538625,0.024,1.0870949,0.2448701801962639,0.8066372168360497,0.08586316,0.8925558,0.3813107891814349,0.0576940510407792,nerve_to_malignant,nerve_c21,1.0,1,-0.0,False
nerve_c17,malignant,CALM1,PTPRA,1.1516166,0.427,1.1976601,0.0055362206227672,-0.02322518432084,0.048753224,0.89711267,1.0,0.0585411352835654,nerve_to_malignant,nerve_c17,0.712,4,0.1815,False
malignant,nerve_c2,EFNB2,EPHB2,0.11321102,1.0,0.012805874,-0.0794737926237291,-0.1110538624780221,0.020720726,0.47413233,1.0,0.0586560645269595,malignant_to_nerve,nerve_c2,0.4082,17,0.533,True
malignant,nerve_c1,FN1,MAG,1.4592743,0.0,0.7738371,1.9066234498644168,2.1007046663862132,0.08749477,0.87513727,0.0004876540662274,0.060993200651551,malignant_to_nerve,nerve_c1,0.1941,18,0.5886,True
malignant,nerve_c1,PSAP,GPR37,1.1360147,0.0,1.2276772,1.1543527980503565,0.5263199916856582,0.088833876,0.8982495,0.0296227648967986,0.0622368794177094,malignant_to_nerve,nerve_c1,0.1941,18,0.5886,True
malignant,nerve_c16,TIMP1,FGFR2,1.1313344,0.0,1.2790681,0.7311726737357923,1.771130787516746,0.04460079,0.9001083,0.1708457407437008,0.0638711702745965,malignant_to_nerve,nerve_c16,0.2917,16,0.4833,True
malignant,nerve_c17,COL9A3,MAG,1.2728904,0.0,0.7557253,1.562064110335884,1.4839344556143037,0.07345786,0.87383753,0.0198659957882817,0.0648230300110181,malignant_to_nerve,nerve_c17,0.712,4,0.1815,False
nerve_c17,malignant,CNTN2,NRCAM,1.1256398,0.0,1.2481374,0.7938021668320395,1.6381710677584258,0.043242246,0.8990024,0.1260061220703347,0.0653972916263728,nerve_to_malignant,nerve_c17,0.712,4,0.1815,False
malignant,nerve_c15,PTN,PTPRS,1.3444495,0.996,0.7385528,-0.081988469603528,0.6585166276956962,0.026765931,0.87256503,1.0,0.0684998665145152,malignant_to_nerve,nerve_c15,0.2441,11,0.4778,True
nerve_c21,malignant,YBX1,NOTCH1,1.4498749,0.0,0.73686683,0.4870513906352099,0.982192514839524,0.14713308,0.87243795,0.0296227648967986,0.0692859589838722,nerve_to_malignant,nerve_c21,1.0,1,-0.0,False
malignant,nerve_c16,NCAM1,FGFR2,1.1095672,0.0,1.2310848,0.6573046566369053,0.407371137732348,0.04460079,0.8983761,0.3944407226314436,0.0699442297016778,malignant_to_nerve,nerve_c16,0.2917,16,0.4833,True
malignant,nerve_c6,COL9A3,MAG,1.2007254,0.0,0.7062068,1.4502866642654533,1.4028652929632066,0.068644576,0.8700543,0.0289121617916542,0.07765220610668,malignant_to_nerve,nerve_c6,0.2036,24,0.6567,True
malignant,nerve_c18,LGALS1,ITGB1,1.0846407,0.0,1.1260266,0.3803673977309005,1.2856122308330984,0.08258812,0.8942313,0.0296227648967986,0.0791826019324129,malignant_to_nerve,nerve_c18,0.5575,4,0.2111,False
nerve_c21,malignant,APOE,ABCA1,1.0840863,0.043,0.85709375,0.1963933393385679,0.0464772379805547,0.08586316,0.8806141,0.7077286758962399,0.0794623336883062,nerve_to_malignant,nerve_c21,1.0,1,-0.0,False
nerve_c17,malignant,PTN,PTPRS,1.0733149,1.0,0.8315287,-0.2344484746473745,-0.3514189478889971,0.064811446,0.8790131,1.0,0.0845753763647041,nerve_to_malignant,nerve_c17,0.712,4,0.1815,False
malignant,nerve_c18,FAM3C,LAMP1,1.0520539,0.0,0.9797862,0.7417562970038253,1.2365253541621897,0.084802516,0.8874697,0.0296227648967986,0.0937240094373211,malignant_to_nerve,nerve_c18,0.5575,4,0.2111,False
malignant,nerve_c17,FN1,MAG,1.2488208,0.0,0.6496894,1.5806456062003251,1.9183276981452697,0.07345786,0.8652657,0.0024184284545828,0.0987686409430229,malignant_to_nerve,nerve_c17,0.712,4,0.1815,False
malignant,nerve_c1,APP,CD74,1.037599,0.0,1.0368835,0.233636038270131,-0.1994753094539936,0.0914809,0.8902671,0.4081251182700903,0.0995435066183029,malignant_to_nerve,nerve_c1,0.1941,18,0.5886,True
malignant,nerve_c1,CD99,CD81,1.034997,0.0,1.0619732,0.2338743954919693,1.1289940282671609,0.076514155,0.89142954,0.0566820754508819,0.1009452491600598,malignant_to_nerve,nerve_c1,0.1941,18,0.5886,True
malignant,nerve_c6,CALM1,PTPRA,1.0319488,1.0,0.8544793,-0.1383201591042148,-0.2294511895023252,0.04044117,0.8804534,1.0,0.1028281344594888,malignant_to_nerve,nerve_c6,0.2036,24,0.6567,True
malignant,nerve_c1,CALM1,PDE1C,1.0288339,0.0,0.84519243,0.1597433044127368,0.1472394314899879,0.029429233,0.87987715,1.0,0.1048857967135205,malignant_to_nerve,nerve_c1,0.1941,18,0.5886,True
malignant,nerve_c18,CALM1,PTPRA,1.0252112,0.999,0.83439195,-0.1466360994473077,-0.1614623645820135,0.03949047,0.8791958,1.0,0.1055226593915751,malignant_to_nerve,nerve_c18,0.5575,4,0.2111,False
malignant,nerve_c6,PTN,PTPRS,1.321934,1.0,0.6314526,-0.1089094557047127,0.5775704592953845,0.022884507,0.86359745,1.0,0.1063212071803742,malignant_to_nerve,nerve_c6,0.2036,24,0.6567,True
malignant,nerve_c6,LGALS1,ITGB1,1.0229781,0.0,0.9645715,0.2822008631746999,1.090146886382617,0.070746236,0.88668585,0.095966174927863,0.1068016445141536,malignant_to_nerve,nerve_c6,0.2036,24,0.6567,True
malignant,nerve_c6,FN1,MAG,1.1766558,0.0,0.6071188,1.4688681601298943,1.8372585354941724,0.068644576,0.86126626,0.0038981400956245,0.1166163309312825,malignant_to_nerve,nerve_c6,0.2036,24,0.6567,True
malignant,nerve_c6,APP,CD74,1.0041488,0.0,0.95413315,0.1929366159618749,-0.2635786133957722,0.08418011,0.8861381,0.5299501890101426,0.1167832189573396,malignant_to_nerve,nerve_c6,0.2036,24,0.6567,True
malignant,nerve_c6,HLA-A,APLP2,1.0023471,1.0,0.67922956,-0.1646667054708115,-0.0544038964990362,0.060824756,0.8678366,1.0,0.1172845161924477,malignant_to_nerve,nerve_c6,0.2036,24,0.6567,True
malignant,nerve_c16,PTN,PTPRZ1,1.315675,1.0,0.60167974,-0.7102299505765807,-0.8903239048581852,0.021255942,0.8607277,1.0,0.1203126651590871,malignant_to_nerve,nerve_c16,0.2917,16,0.4833,True
malignant,nerve_c21,CD99,CD81,0.99689305,0.059,0.99042606,0.1916805957111992,1.4101925515990807,0.07135925,0.88800794,0.528985048438277,0.1223507686549266,malignant_to_nerve,nerve_c21,1.0,1,-0.0,False
malignant,nerve_c16,PKM,CD44,0.99352,0.0,0.9397498,0.1757923892888941,0.8269938321913933,0.16133542,0.88536954,0.076734970364111,0.1240609587463738,malignant_to_nerve,nerve_c16,0.2917,16,0.4833,True
nerve_c21,malignant,APOE,LRP6,0.9999297,0.041,0.57969135,0.1989235317998535,0.1623696196299319,0.08586316,0.8584813,0.7013491904835931,0.1341899187464979,nerve_to_malignant,nerve_c21,1.0,1,-0.0,False
malignant,nerve_c16,COL9A3,MAG,0.95230174,0.0,0.53574234,1.0654965501088092,1.0907899536493564,0.05207512,0.8536239,0.1041968389704108,0.1610520434092771,malignant_to_nerve,nerve_c16,0.2917,16,0.4833,True
malignant,nerve_c17,ADAM15,ITGB1,0.133187,1.0,0.016355595,-0.2206491452025943,-0.3366574752130522,0.016359981,0.5046923,1.0,0.162147254323445,malignant_to_nerve,nerve_c17,0.712,4,0.1815,False
malignant,nerve_c16,LAMA2,RPSA,1.1213902,0.0,0.5255414,0.2177752632956525,0.2519129745158071,0.12484119,0.8524188,0.1305015624999999,0.1684485342740883,malignant_to_nerve,nerve_c16,0.2917,16,0.4833,True
malignant,nerve_c16,SPP1,CD44,0.8986916,0.003,0.7925836,0.089398620505583,-0.4815467204954103,0.16133542,0.8764392,1.0,0.1988413411709381,malignant_to_nerve,nerve_c16,0.2917,16,0.4833,True
malignant,nerve_c21,GNAS,ADCY1,0.9538233,0.015,0.485317,0.244837477846214,1.213601209397793,0.30691797,0.84733963,0.0631842020000897,0.2013838966313869,malignant_to_nerve,nerve_c21,1.0,1,-0.0,False
malignant,nerve_c17,CALM1,GRM3,0.90141636,0.0,0.46531355,0.2349850366945637,0.2845955644617937,0.022475036,0.84459734,0.7200719469465624,0.2226656582557034,malignant_to_nerve,nerve_c17,0.712,4,0.1815,False
malignant,nerve_c17,APP,CD74,0.87434924,0.256,0.6330302,0.0350046809950545,-0.6673739135312042,0.05585022,0.8637443,1.0,0.2266736745894016,malignant_to_nerve,nerve_c17,0.712,4,0.1815,False
malignant,nerve_c17,CALM1,PTPRA,0.89717597,1.0,0.45267138,-0.3046628520189228,-0.2731506766014999,0.02142423,0.84278107,1.0,0.2347807063284645,malignant_to_nerve,nerve_c17,0.712,4,0.1815,False
malignant,nerve_c21,COPA,CD74,0.867385,0.0,0.5770167,0.511347133827095,0.4752428175385844,0.14035359,0.8582001,0.0296227648967986,0.2356889627627399,malignant_to_nerve,nerve_c21,1.0,1,-0.0,False
malignant,nerve_c17,APP,TSPAN15,0.84929305,0.0,0.5710452,0.6250052245552036,0.3958476950255335,0.054452937,0.85756594,0.4193250146199118,0.2567493298843548,malignant_to_nerve,nerve_c17,0.712,4,0.1815,False
malignant,nerve_c17,CALM1,PDE1C,0.8785654,0.833,0.39718625,-0.044818207886677,-0.0576217765914922,0.013829852,0.8339227,1.0,0.3084338762921417,malignant_to_nerve,nerve_c17,0.712,4,0.1815,False
malignant,nerve_c21,BSG,SLC16A1,0.81104016,0.007,0.6225017,0.2746475145281313,1.1371166663134658,0.15270208,0.8627544,0.1304961508191961,0.3176375228211116,malignant_to_nerve,nerve_c21,1.0,1,-0.0,False
malignant,nerve_c21,TXLNA,STX3,0.5191363,0.0,0.14175574,1.591586757337281,1.2135605983629638,0.24942155,0.749986,0.0023233004677725,0.4288527816338155,malignant_to_nerve,nerve_c21,1.0,1,-0.0,False
malignant,nerve_c21,LAMB2,RPSA,0.45743397,0.993,0.11810682,-0.2580520374691196,-0.0787575071247487,0.04795034,0.73248744,1.0,0.4677077928524176,malignant_to_nerve,nerve_c21,1.0,1,-0.0,False
