cluster,label,top_markers,interpretation,score_neuron,score_excitatory_neuron,score_inhibitory_neuron,score_opc,score_oligodendrocyte,score_astrocyte,score_ependymal
0,c0 | oligodendrocyte | oligodendrocyte,"IL1RAPL1, CTNNA3, PCDH9, SLC24A2, UNC5C","Dominant oligodendrocyte (100% of 5523 cells); top markers IL1RAPL1, CTNNA3, PCDH9, SLC24A2, UNC5C; highest canonical score = oligodendrocyte (1.55).",-0.07079140508723133,-0.030782851562235813,-0.02130787140847231,-0.1866461085662934,1.5490713138184327,-0.1322214163391676,0.008745224198774002
1,c1 | oligodendrocyte | oligodendrocyte,"PPP1R14A, ACTB, CALM2, TMSB4X, NICOL1","Dominant oligodendrocyte (100% of 3585 cells); top markers PPP1R14A, ACTB, CALM2, TMSB4X, NICOL1; highest canonical score = oligodendrocyte (2.36).",-0.14635389175319716,-0.04845444255515843,-0.0284325614758061,0.31607214296686553,2.3594223984594627,0.7156013601125534,-0.02192678499371437
2,c2 | oligodendrocyte | oligodendrocyte,"CNP, PLP1, RNASE1, UBB, APOD","Dominant oligodendrocyte (100% of 3493 cells); top markers CNP, PLP1, RNASE1, UBB, APOD; highest canonical score = oligodendrocyte (2.50).",-0.16929915032566292,-0.056063859626893975,-0.03584898771055669,0.3659603313648777,2.497149222802884,0.44652961035785654,-0.02696902706045972
3,c3 | oligodendrocyte | oligodendrocyte,"TMTC2, PTPRK, DPYD, DLC1, ELMO1","Dominant oligodendrocyte (100% of 3122 cells); top markers TMTC2, PTPRK, DPYD, DLC1, ELMO1; highest canonical score = oligodendrocyte (0.68).",-0.06630376651911762,-0.053294340183076605,-0.022898997748073746,-0.25395062947146935,0.6821863656860627,-0.21556615088762648,0.011110445370397683
4,c4 | oligodendrocyte | oligodendrocyte,"ST6GALNAC3, NKAIN2, MAN2A1, ST18, LINC00609","Dominant oligodendrocyte (100% of 2945 cells); top markers ST6GALNAC3, NKAIN2, MAN2A1, ST18, LINC00609; highest canonical score = oligodendrocyte (1.40).",-0.11358321818046538,-0.05360537031658909,-0.034170832820173434,-0.26383837306299174,1.40065803984295,-0.1952197855673035,0.01819949367859975
5,c5 | oligodendrocyte | oligodendrocyte,"NKX6-2, CAMK2N1, SELENOP, GSN, TF","Dominant oligodendrocyte (100% of 2827 cells); top markers NKX6-2, CAMK2N1, SELENOP, GSN, TF; highest canonical score = oligodendrocyte (2.09).",-0.2133918827884589,-0.08333176482638834,-0.04688135008221035,0.18254188000560942,2.0924594051862377,0.3718800904684831,-0.035313282326459465
6,c6 | oligodendrocyte | oligodendrocyte,"H3-3B, B2M, CD63, MT2A, EIF1","Dominant oligodendrocyte (100% of 2638 cells); top markers H3-3B, B2M, CD63, MT2A, EIF1; highest canonical score = oligodendrocyte (1.40).",-0.14387461372651866,-0.06277211611398037,-0.03664998699023864,0.028970685266229246,1.4039892032259729,0.5361728304226893,-0.03087709250573953
7,c7 | oligodendrocyte | oligodendrocyte,"RNF220, SLC5A11, ST18, CTNNA3, PLEKHH1","Dominant oligodendrocyte (100% of 2388 cells); top markers RNF220, SLC5A11, ST18, CTNNA3, PLEKHH1; highest canonical score = oligodendrocyte (1.58).",-0.08102437008432274,-0.031432362895381975,-0.02711533573704149,-0.16485388149449154,1.5764239589146967,-0.09969678007453131,0.02376728653183934
8,c8 | inhibitory_neuron | neuron,"PTPRZ1, SOX5, MIR3681HG, XYLT1, SOX2-OT","Dominant inhibitory_neuron (100% of 2165 cells); top markers PTPRZ1, SOX5, MIR3681HG, XYLT1, SOX2-OT; highest canonical score = neuron (0.33).",0.332734675390524,-0.030196129947923714,0.2785007292117588,0.12643697326722622,-0.1942488666096497,-0.12652223287471173,0.024636536877370045
9,c9 | oligodendrocyte | oligodendrocyte,"S100B, CALM1, MYLK, CLU, ARPC5","Dominant oligodendrocyte (100% of 1970 cells); top markers S100B, CALM1, MYLK, CLU, ARPC5; highest canonical score = oligodendrocyte (1.99).",-0.2168390534349202,-0.08483317330000566,-0.05047360022519849,0.13492670990257755,1.9868542902280029,0.4189888312060216,-0.013462969184829499
10,c10 | oligodendrocyte | oligodendrocyte,"RTN4, DNAJA1, CLIC4, FOSB, HSP90AB1","Dominant oligodendrocyte (100% of 1616 cells); top markers RTN4, DNAJA1, CLIC4, FOSB, HSP90AB1; highest canonical score = oligodendrocyte (1.66).",-0.21801171236109027,-0.09268988979826667,-0.051278538864241184,-0.1447449874803967,1.6583184589243958,0.24768366823175755,0.0036982465590728393
11,c11 | excitatory_neuron | neuron,"NRG3, CELF2, RBFOX1, CSMD1, KCNIP4","Dominant excitatory_neuron (100% of 1413 cells); top markers NRG3, CELF2, RBFOX1, CSMD1, KCNIP4; highest canonical score = neuron (1.28).",1.2838979612422683,1.0185316035308263,-0.009366531581860663,-0.319069303826495,-0.3195233757981266,-0.20643091362330904,0.08965806773809026
12,c12 | oligodendrocyte | neuron,"LSAMP, SOX6, TNS3, TCF7L2, FYN","Dominant oligodendrocyte (100% of 1314 cells); top markers LSAMP, SOX6, TNS3, TCF7L2, FYN; highest canonical score = neuron (0.38).",0.3752598653406374,-0.008149264723984861,0.017920578777155013,0.07445863889801116,0.35863123432988747,-0.05571508087138426,-0.025658541915079228
13,c13 | oligodendrocyte | oligodendrocyte,"ISG15, SEC61G, B2M, PARP14, ERBIN","Dominant oligodendrocyte (100% of 1037 cells); top markers ISG15, SEC61G, B2M, PARP14, ERBIN; highest canonical score = oligodendrocyte (1.75).",-0.1007042192899311,-0.043461588860631034,-0.01654848774312509,0.026394478872999033,1.7478004994357141,0.2744715927485215,0.005422117574465539
14,c14 | excitatory_neuron | neuron,"CNTNAP2, DLGAP1, NRG3, NRXN3, MEG3","Dominant excitatory_neuron (100% of 594 cells); top markers CNTNAP2, DLGAP1, NRG3, NRXN3, MEG3; highest canonical score = neuron (1.16).",1.1581039059242415,0.6668395148476901,0.7267525263025303,-0.31752101288571655,-0.3311617411534259,-0.21212973717687908,0.0443319314597833
15,c15 | oligodendrocyte | oligodendrocyte,"MT-ND1, MT-CO3, MT-CO1, MT-CYB, MT-ATP6","Dominant oligodendrocyte (100% of 508 cells); top markers MT-ND1, MT-CO3, MT-CO1, MT-CYB, MT-ATP6; highest canonical score = oligodendrocyte (2.38).",-0.15576900256626564,-0.05506093951660817,-0.03186949093354342,0.146107261521901,2.380874740780182,0.46697120493321903,-0.02645527991018896
16,c16 | oligodendrocyte | oligodendrocyte,"EIF1, RPS27, RPL41, RPL34, RPL10","Dominant oligodendrocyte (100% of 336 cells); top markers EIF1, RPS27, RPL41, RPL34, RPL10; highest canonical score = oligodendrocyte (1.46).",-0.09820657550342499,-0.053419202190069924,-0.023361301792282907,0.01987759600593823,1.4636071286705277,0.4132620457896874,-0.03349624908573571
17,c17 | oligodendrocyte | oligodendrocyte,"PTMA, CRYAB, CALM2, PTGDS, DYNLL1","Dominant oligodendrocyte (100% of 125 cells); top markers PTMA, CRYAB, CALM2, PTGDS, DYNLL1; highest canonical score = oligodendrocyte (2.57).",-0.08842182803153992,-0.031601751797993974,-0.01939754464149475,0.10805948185920715,2.565624516983032,0.412654333615303,-0.019016656181812287
18,c18 | oligodendrocyte | oligodendrocyte,"FTH1, FTL, MYL6, TMSB4X, COX4I1","Dominant oligodendrocyte (100% of 113 cells); top markers FTH1, FTL, MYL6, TMSB4X, COX4I1; highest canonical score = oligodendrocyte (1.26).",-0.1480257812537978,-0.056362213596130195,0.06711164368992359,0.004316481179614688,1.2562774272161952,0.9060492811160805,-0.024829182192287615
19,c19 | excitatory_neuron | neuron,"MT-CO3, MT-CO2, MT-CYB, MT-ND4, MT-ATP6","Dominant excitatory_neuron (100% of 106 cells); top markers MT-CO3, MT-CO2, MT-CYB, MT-ND4, MT-ATP6; highest canonical score = neuron (0.98).",0.9755595234280112,0.3777181990191622,0.08504544650233767,-0.16092817903390097,-0.11766379210933949,0.31695789175213507,-0.009416835802905966
20,c20 | oligodendrocyte | oligodendrocyte,"HSP90AA1, HSPA1A, HSPA1B, HSPH1, PDE1C","Dominant oligodendrocyte (100% of 90 cells); top markers HSP90AA1, HSPA1A, HSPA1B, HSPH1, PDE1C; highest canonical score = oligodendrocyte (1.68).",-0.0739180262265382,-0.03042662512814557,-0.02473003069559733,-0.27131323613380337,1.6820207811638161,-0.08175962962044611,0.0060460897021823445
21,c21 | oligodendrocyte | astrocyte,"RCVRN, PDE6G, AIPL1, SAG, ROM1","Dominant oligodendrocyte (100% of 19 cells); top markers RCVRN, PDE6G, AIPL1, SAG, ROM1; highest canonical score = astrocyte (0.35).",0.28403330112758435,-0.03678425362235621,-0.020787058462176405,-0.1548616217103972,-0.4491026838202225,0.3536321847062362,-0.02810336338846307
22,c22 | oligodendrocyte | oligodendrocyte,"DCC, LINC01266, NRXN1, MET, PLXDC2","Dominant oligodendrocyte (100% of 18 cells); top markers DCC, LINC01266, NRXN1, MET, PLXDC2; highest canonical score = oligodendrocyte (1.61).",0.22281032319422123,0.017171222545482492,0.002154665346498842,-0.11428474815014285,1.6050364663865833,0.21800270431571536,-0.01745376580291324
