cluster,gene_set_library,Term,Adjusted P-value,Overlap,dominant_sample_fraction,n_contributing_samples,normalised_entropy,batch_qc_pass
17,GO_Biological_Process_2024,GOBP_ONE_CARBON_COMPOUND_TRANSPORT,0.0014744316904118,2/28,0.6072,12,0.3472,False
17,GO_Biological_Process_2024,GOBP_MITOCHONDRIAL_ELECTRON_TRANSPORT_CYTOCHROME_C_TO_OXYGEN,0.001965908920549,16/24,0.6072,12,0.3472,False
17,GO_Biological_Process_2024,GOBP_PROTON_MOTIVE_FORCE_DRIVEN_ATP_SYNTHESIS,0.0045871208146145,64/76,0.6072,12,0.3472,False
17,GO_Biological_Process_2024,GOBP_ATP_SYNTHESIS_COUPLED_ELECTRON_TRANSPORT,0.0114022717391847,75/101,0.6072,12,0.3472,False
17,GO_Biological_Process_2024,GOBP_MITOCHONDRIAL_ELECTRON_TRANSPORT_NADH_TO_UBIQUINONE,0.0130241465986377,43/51,0.6072,12,0.3472,False
17,GO_Biological_Process_2024,GOBP_ATP_BIOSYNTHETIC_PROCESS,0.0265397704274127,73/99,0.6072,12,0.3472,False
17,GO_Biological_Process_2024,GOBP_AXON_ENSHEATHMENT_IN_CENTRAL_NERVOUS_SYSTEM,0.0410383487164623,13/26,0.6072,12,0.3472,False
17,GO_Biological_Process_2024,GOBP_OXIDATIVE_PHOSPHORYLATION,0.0428287300548195,99/147,0.6072,12,0.3472,False
17,GO_Biological_Process_2024,GOBP_RESPONSE_TO_INTERLEUKIN_7,0.0714607892619596,10/17,0.6072,12,0.3472,False
17,GO_Biological_Process_2024,GOBP_REGULATION_OF_PROTON_TRANSPORT,0.0756874934411401,10/17,0.6072,12,0.3472,False
17,GO_Molecular_Function_2024,GOMF_GLUTAMATE_RECEPTOR_ACTIVITY,0.0,15/26,0.6072,12,0.3472,False
17,GO_Molecular_Function_2024,GOMF_GAP_JUNCTION_CHANNEL_ACTIVITY,0.0009585930842004,2/24,0.6072,12,0.3472,False
17,GO_Molecular_Function_2024,GOMF_OXIDOREDUCTION_DRIVEN_ACTIVE_TRANSMEMBRANE_TRANSPORTER_ACTIVITY,0.0019171861684008,57/68,0.6072,12,0.3472,False
17,GO_Molecular_Function_2024,GOMF_OXIDOREDUCTASE_ACTIVITY_ACTING_ON_NAD_P_H_QUINONE_OR_SIMILAR_COMPOUND_AS_ACCEPTOR,0.002396482710501,42/58,0.6072,12,0.3472,False
17,GO_Molecular_Function_2024,GOMF_NADH_DEHYDROGENASE_UBIQUINONE_ACTIVITY,0.002396482710501,38/41,0.6072,12,0.3472,False
17,GO_Molecular_Function_2024,GOMF_OXIDOREDUCTASE_ACTIVITY_ACTING_ON_A_HEME_GROUP_OF_DONORS,0.0127355938329486,12/17,0.6072,12,0.3472,False
17,GO_Molecular_Function_2024,GOMF_PROTON_TRANSMEMBRANE_TRANSPORTER_ACTIVITY,0.0134203031788061,91/186,0.6072,12,0.3472,False
17,GO_Molecular_Function_2024,GOMF_PROTON_TRANSPORTING_ATP_SYNTHASE_ACTIVITY_ROTATIONAL_MECHANISM,0.0134203031788061,14/18,0.6072,12,0.3472,False
17,GO_Molecular_Function_2024,GOMF_STRUCTURAL_CONSTITUENT_OF_RIBOSOME,0.0134203031788061,130/169,0.6072,12,0.3472,False
17,GO_Molecular_Function_2024,GOMF_ATP_DEPENDENT_PROTEIN_FOLDING_CHAPERONE,0.0138463445495618,23/40,0.6072,12,0.3472,False
5,GO_Biological_Process_2024,GOBP_OXIDATIVE_PHOSPHORYLATION,0.0,85/147,0.226,19,0.6259,True
5,GO_Biological_Process_2024,GOBP_RIBOSOMAL_SMALL_SUBUNIT_BIOGENESIS,0.0,28/106,0.226,19,0.6259,True
5,GO_Biological_Process_2024,GOBP_ENERGY_DERIVATION_BY_OXIDATION_OF_ORGANIC_COMPOUNDS,0.0,109/344,0.226,19,0.6259,True
5,GO_Biological_Process_2024,GOBP_MITOCHONDRIAL_RESPIRATORY_CHAIN_COMPLEX_ASSEMBLY,0.0,53/101,0.226,19,0.6259,True
5,GO_Biological_Process_2024,GOBP_PROTON_TRANSMEMBRANE_TRANSPORT,0.0,54/162,0.226,19,0.6259,True
5,GO_Biological_Process_2024,GOBP_RIBOSOME_ASSEMBLY,0.0,20/63,0.226,19,0.6259,True
5,GO_Biological_Process_2024,GOBP_NADH_DEHYDROGENASE_COMPLEX_ASSEMBLY,0.0,38/60,0.226,19,0.6259,True
5,GO_Biological_Process_2024,GOBP_ANTIBACTERIAL_HUMORAL_RESPONSE,0.0,4/72,0.226,19,0.6259,True
5,GO_Biological_Process_2024,GOBP_CELLULAR_RESPIRATION,0.0,102/241,0.226,19,0.6259,True
5,GO_Biological_Process_2024,GOBP_NUCLEOSIDE_TRIPHOSPHATE_BIOSYNTHETIC_PROCESS,0.0,74/124,0.226,19,0.6259,True
5,GO_Molecular_Function_2024,GOMF_STRUCTURAL_CONSTITUENT_OF_RIBOSOME,0.0,96/169,0.226,19,0.6259,True
5,GO_Molecular_Function_2024,GOMF_ELECTRON_TRANSFER_ACTIVITY,0.0,64/117,0.226,19,0.6259,True
5,GO_Molecular_Function_2024,GOMF_OXIDOREDUCTION_DRIVEN_ACTIVE_TRANSMEMBRANE_TRANSPORTER_ACTIVITY,0.0,54/68,0.226,19,0.6259,True
5,GO_Molecular_Function_2024,GOMF_PROTON_TRANSMEMBRANE_TRANSPORTER_ACTIVITY,0.0,79/186,0.226,19,0.6259,True
5,GO_Molecular_Function_2024,GOMF_OXIDOREDUCTASE_ACTIVITY_ACTING_ON_NAD_P_H_QUINONE_OR_SIMILAR_COMPOUND_AS_ACCEPTOR,0.0,38/58,0.226,19,0.6259,True
5,GO_Molecular_Function_2024,GOMF_NADH_DEHYDROGENASE_UBIQUINONE_ACTIVITY,0.0,36/41,0.226,19,0.6259,True
5,GO_Molecular_Function_2024,GOMF_RRNA_BINDING,0.0,26/67,0.226,19,0.6259,True
5,GO_Molecular_Function_2024,GOMF_PRIMARY_ACTIVE_TRANSMEMBRANE_TRANSPORTER_ACTIVITY,0.0,65/166,0.226,19,0.6259,True
5,GO_Molecular_Function_2024,GOMF_OXIDOREDUCTASE_ACTIVITY_ACTING_ON_NAD_P_H,0.0,40/87,0.226,19,0.6259,True
5,GO_Molecular_Function_2024,GOMF_ANTIOXIDANT_ACTIVITY,0.0,21/85,0.226,19,0.6259,True
0,GO_Biological_Process_2024,GOBP_CYTOPLASMIC_TRANSLATION,0.0,92/163,0.4029,19,0.5772,True
0,GO_Biological_Process_2024,GOBP_NUCLEOSIDE_PHOSPHATE_BIOSYNTHETIC_PROCESS,0.0,83/292,0.4029,19,0.5772,True
0,GO_Biological_Process_2024,GOBP_NUCLEOSIDE_TRIPHOSPHATE_METABOLIC_PROCESS,0.0,93/269,0.4029,19,0.5772,True
0,GO_Biological_Process_2024,GOBP_ANTIBACTERIAL_HUMORAL_RESPONSE,0.0,5/72,0.4029,19,0.5772,True
0,GO_Biological_Process_2024,GOBP_GENERATION_OF_PRECURSOR_METABOLITES_AND_ENERGY,0.0,153/476,0.4029,19,0.5772,True
0,GO_Biological_Process_2024,GOBP_RIBOSOME_ASSEMBLY,0.0,24/63,0.4029,19,0.5772,True
0,GO_Biological_Process_2024,GOBP_RIBOSOMAL_SMALL_SUBUNIT_BIOGENESIS,0.0,34/106,0.4029,19,0.5772,True
0,GO_Biological_Process_2024,GOBP_CHAPERONE_MEDIATED_PROTEIN_FOLDING,0.0,43/76,0.4029,19,0.5772,True
0,GO_Biological_Process_2024,GOBP_MITOCHONDRIAL_RESPIRATORY_CHAIN_COMPLEX_ASSEMBLY,0.0,53/101,0.4029,19,0.5772,True
0,GO_Biological_Process_2024,GOBP_RIBOSE_PHOSPHATE_BIOSYNTHETIC_PROCESS,0.0,81/232,0.4029,19,0.5772,True
0,GO_Molecular_Function_2024,GOMF_STRUCTURAL_CONSTITUENT_OF_RIBOSOME,0.0,114/169,0.4029,19,0.5772,True
0,GO_Molecular_Function_2024,GOMF_PROTEIN_SERINE_THREONINE_KINASE_ACTIVITY,0.0,198/429,0.4029,19,0.5772,True
0,GO_Molecular_Function_2024,GOMF_PROTEIN_SERINE_KINASE_ACTIVITY,0.0,175/363,0.4029,19,0.5772,True
0,GO_Molecular_Function_2024,GOMF_ACTIVE_MONOATOMIC_ION_TRANSMEMBRANE_TRANSPORTER_ACTIVITY,0.0,73/288,0.4029,19,0.5772,True
0,GO_Molecular_Function_2024,GOMF_ANTIOXIDANT_ACTIVITY,0.0,23/85,0.4029,19,0.5772,True
0,GO_Molecular_Function_2024,GOMF_ATP_DEPENDENT_PROTEIN_FOLDING_CHAPERONE,0.0,19/40,0.4029,19,0.5772,True
0,GO_Molecular_Function_2024,GOMF_STRUCTURAL_CONSTITUENT_OF_CHROMATIN,0.0,11/97,0.4029,19,0.5772,True
0,GO_Molecular_Function_2024,GOMF_RRNA_BINDING,0.0,32/67,0.4029,19,0.5772,True
0,GO_Molecular_Function_2024,GOMF_PROTEIN_FOLDING_CHAPERONE,0.0,34/72,0.4029,19,0.5772,True
0,GO_Molecular_Function_2024,GOMF_OXIDOREDUCTASE_ACTIVITY_ACTING_ON_NAD_P_H,0.0,41/87,0.4029,19,0.5772,True
9,GO_Biological_Process_2024,GOBP_METANEPHRIC_GLOMERULUS_DEVELOPMENT,0.0067891543259642,6/17,0.8791,5,0.1446,False
9,GO_Biological_Process_2024,GOBP_REGULATION_OF_PRESYNAPTIC_MEMBRANE_POTENTIAL,0.0570288963380998,13/29,0.8791,5,0.1446,False
9,GO_Biological_Process_2024,GOBP_POSITIVE_REGULATION_OF_SYNAPTIC_TRANSMISSION_GLUTAMATERGIC,0.0620076095104736,12/36,0.8791,5,0.1446,False
9,GO_Biological_Process_2024,GOBP_GAP_JUNCTION_ASSEMBLY,0.0708512969171472,4/18,0.8791,5,0.1446,False
9,GO_Biological_Process_2024,GOBP_NEURON_CELL_CELL_ADHESION,0.0801120210463784,7/16,0.8791,5,0.1446,False
9,GO_Biological_Process_2024,GOBP_REGULATION_OF_NEUROTRANSMITTER_RECEPTOR_ACTIVITY,0.1051349041335038,14/41,0.8791,5,0.1446,False
9,GO_Biological_Process_2024,GOBP_REGULATION_OF_AMPA_RECEPTOR_ACTIVITY,0.1150761658250944,9/19,0.8791,5,0.1446,False
9,GO_Biological_Process_2024,GOBP_RIBOSOMAL_LARGE_SUBUNIT_ASSEMBLY,0.120846947002164,6/23,0.8791,5,0.1446,False
9,GO_Biological_Process_2024,GOBP_RIBOSOMAL_SMALL_SUBUNIT_ASSEMBLY,0.1330674247888997,8/20,0.8791,5,0.1446,False
9,GO_Biological_Process_2024,GOBP_RETINAL_GANGLION_CELL_AXON_GUIDANCE,0.1400074492109965,9/23,0.8791,5,0.1446,False
9,GO_Molecular_Function_2024,GOMF_GLUTAMATE_GATED_RECEPTOR_ACTIVITY,0.0,10/16,0.8791,5,0.1446,False
9,GO_Molecular_Function_2024,GOMF_GABA_RECEPTOR_ACTIVITY,0.0,11/22,0.8791,5,0.1446,False
9,GO_Molecular_Function_2024,GOMF_GABA_A_RECEPTOR_ACTIVITY,0.0,10/19,0.8791,5,0.1446,False
9,GO_Molecular_Function_2024,GOMF_LIGAND_GATED_MONOATOMIC_ION_CHANNEL_ACTIVITY_INVOLVED_IN_REGULATION_OF_PRESYNAPTIC_MEMBRANE_POTENTIAL,0.0,8/16,0.8791,5,0.1446,False
9,GO_Molecular_Function_2024,GOMF_GLUTAMATE_RECEPTOR_ACTIVITY,0.0,14/26,0.8791,5,0.1446,False
9,GO_Molecular_Function_2024,GOMF_G_PROTEIN_COUPLED_SEROTONIN_RECEPTOR_ACTIVITY,0.013098649201801,9/22,0.8791,5,0.1446,False
9,GO_Molecular_Function_2024,GOMF_LIGAND_GATED_SODIUM_CHANNEL_ACTIVITY,0.0133715377268385,7/17,0.8791,5,0.1446,False
9,GO_Molecular_Function_2024,GOMF_G_PROTEIN_COUPLED_AMINE_RECEPTOR_ACTIVITY,0.0243553008595988,12/40,0.8791,5,0.1446,False
9,GO_Molecular_Function_2024,GOMF_RETINOL_BINDING,0.0246531374777474,2/16,0.8791,5,0.1446,False
9,GO_Molecular_Function_2024,GOMF_RETINAL_BINDING,0.0345627319540969,2/19,0.8791,5,0.1446,False
11,GO_Biological_Process_2024,GOBP_CYTOPLASMIC_TRANSLATION,0.0,107/163,0.1876,18,0.5976,True
11,GO_Biological_Process_2024,GOBP_PROTEIN_FOLDING,0.0,134/227,0.1876,18,0.5976,True
11,GO_Biological_Process_2024,GOBP_MITOCHONDRIAL_TRANSLATION,0.0,92/130,0.1876,18,0.5976,True
11,GO_Biological_Process_2024,GOBP_ANTIMICROBIAL_HUMORAL_RESPONSE,0.0,9/161,0.1876,18,0.5976,True
11,GO_Biological_Process_2024,GOBP_CELLULAR_OXIDANT_DETOXIFICATION,0.0,26/98,0.1876,18,0.5976,True
11,GO_Biological_Process_2024,GOBP_ANTIMICROBIAL_HUMORAL_IMMUNE_RESPONSE_MEDIATED_BY_ANTIMICROBIAL_PEPTIDE,0.0,7/110,0.1876,18,0.5976,True
11,GO_Biological_Process_2024,GOBP_CHAPERONE_MEDIATED_PROTEIN_FOLDING,0.0001344808519083,57/76,0.1876,18,0.5976,True
11,GO_Biological_Process_2024,GOBP_AEROBIC_RESPIRATION,0.0002353414908396,108/196,0.1876,18,0.5976,True
11,GO_Biological_Process_2024,GOBP_CELLULAR_RESPIRATION,0.0009413659633586,114/241,0.1876,18,0.5976,True
11,GO_Biological_Process_2024,GOBP_RIBOSOMAL_SMALL_SUBUNIT_BIOGENESIS,0.0009413659633586,76/106,0.1876,18,0.5976,True
11,GO_Molecular_Function_2024,GOMF_STRUCTURAL_CONSTITUENT_OF_RIBOSOME,0.0,130/169,0.1876,18,0.5976,True
11,GO_Molecular_Function_2024,GOMF_UNFOLDED_PROTEIN_BINDING,0.0,61/122,0.1876,18,0.5976,True
11,GO_Molecular_Function_2024,GOMF_ANTIOXIDANT_ACTIVITY,0.0,26/85,0.1876,18,0.5976,True
11,GO_Molecular_Function_2024,GOMF_PROTEIN_FOLDING_CHAPERONE,0.0,38/72,0.1876,18,0.5976,True
11,GO_Molecular_Function_2024,GOMF_RRNA_BINDING,0.0,39/67,0.1876,18,0.5976,True
11,GO_Molecular_Function_2024,GOMF_OXIDOREDUCTASE_ACTIVITY_ACTING_ON_PEROXIDE_AS_ACCEPTOR,0.0,17/59,0.1876,18,0.5976,True
11,GO_Molecular_Function_2024,GOMF_MOLECULAR_SEQUESTERING_ACTIVITY,0.0010379695313791,25/49,0.1876,18,0.5976,True
11,GO_Molecular_Function_2024,GOMF_PROTON_TRANSMEMBRANE_TRANSPORTER_ACTIVITY,0.0019299745974081,75/186,0.1876,18,0.5976,True
11,GO_Molecular_Function_2024,GOMF_TRANSLATION_INITIATION_FACTOR_ACTIVITY,0.0032292385420684,34/51,0.1876,18,0.5976,True
11,GO_Molecular_Function_2024,GOMF_ATP_DEPENDENT_PROTEIN_FOLDING_CHAPERONE,0.0034512486918356,22/40,0.1876,18,0.5976,True
1,GO_Biological_Process_2024,GOBP_CYTOPLASMIC_TRANSLATION,0.0,105/163,0.1983,17,0.5642,True
1,GO_Biological_Process_2024,GOBP_RIBOSOMAL_SMALL_SUBUNIT_BIOGENESIS,0.0,66/106,0.1983,17,0.5642,True
1,GO_Biological_Process_2024,GOBP_ATP_METABOLIC_PROCESS,0.0,92/222,0.1983,17,0.5642,True
1,GO_Biological_Process_2024,GOBP_RIBOSOME_BIOGENESIS,0.0,183/319,0.1983,17,0.5642,True
1,GO_Biological_Process_2024,GOBP_GENERATION_OF_PRECURSOR_METABOLITES_AND_ENERGY,0.0,192/476,0.1983,17,0.5642,True
1,GO_Biological_Process_2024,GOBP_MITOCHONDRIAL_TRANSLATION,0.0,86/130,0.1983,17,0.5642,True
1,GO_Biological_Process_2024,GOBP_ANTIMICROBIAL_HUMORAL_RESPONSE,0.0,12/161,0.1983,17,0.5642,True
1,GO_Biological_Process_2024,GOBP_RIBOSE_PHOSPHATE_BIOSYNTHETIC_PROCESS,0.0,98/232,0.1983,17,0.5642,True
1,GO_Biological_Process_2024,GOBP_MITOCHONDRIAL_RESPIRATORY_CHAIN_COMPLEX_ASSEMBLY,0.0,60/101,0.1983,17,0.5642,True
1,GO_Biological_Process_2024,GOBP_MITOCHONDRIAL_ELECTRON_TRANSPORT_NADH_TO_UBIQUINONE,0.0,41/51,0.1983,17,0.5642,True
1,GO_Molecular_Function_2024,GOMF_STRUCTURAL_CONSTITUENT_OF_RIBOSOME,0.0,127/169,0.1983,17,0.5642,True
1,GO_Molecular_Function_2024,GOMF_PROTEIN_FOLDING_CHAPERONE,0.0,41/72,0.1983,17,0.5642,True
1,GO_Molecular_Function_2024,GOMF_NADH_DEHYDROGENASE_UBIQUINONE_ACTIVITY,0.0,36/41,0.1983,17,0.5642,True
1,GO_Molecular_Function_2024,GOMF_OXIDOREDUCTASE_ACTIVITY_ACTING_ON_NAD_P_H,0.0,43/87,0.1983,17,0.5642,True
1,GO_Molecular_Function_2024,GOMF_UNFOLDED_PROTEIN_BINDING,0.0,66/122,0.1983,17,0.5642,True
1,GO_Molecular_Function_2024,GOMF_ANTIOXIDANT_ACTIVITY,0.0,26/85,0.1983,17,0.5642,True
1,GO_Molecular_Function_2024,GOMF_PRIMARY_ACTIVE_TRANSMEMBRANE_TRANSPORTER_ACTIVITY,0.0,71/166,0.1983,17,0.5642,True
1,GO_Molecular_Function_2024,GOMF_ELECTRON_TRANSFER_ACTIVITY,0.0,69/117,0.1983,17,0.5642,True
1,GO_Molecular_Function_2024,GOMF_OXIDOREDUCTION_DRIVEN_ACTIVE_TRANSMEMBRANE_TRANSPORTER_ACTIVITY,0.0,52/68,0.1983,17,0.5642,True
1,GO_Molecular_Function_2024,GOMF_PROTON_TRANSMEMBRANE_TRANSPORTER_ACTIVITY,0.0,80/186,0.1983,17,0.5642,True
7,GO_Biological_Process_2024,GOBP_CYTOPLASMIC_TRANSLATION,0.0,97/163,0.1793,26,0.7072,True
7,GO_Biological_Process_2024,GOBP_NUCLEOSIDE_TRIPHOSPHATE_METABOLIC_PROCESS,0.0,119/269,0.1793,26,0.7072,True
7,GO_Biological_Process_2024,GOBP_ANTIBACTERIAL_HUMORAL_RESPONSE,0.0,5/72,0.1793,26,0.7072,True
7,GO_Biological_Process_2024,GOBP_MITOCHONDRIAL_TRANSLATION,0.0,80/130,0.1793,26,0.7072,True
7,GO_Biological_Process_2024,GOBP_RRNA_PROCESSING,0.0,105/224,0.1793,26,0.7072,True
7,GO_Biological_Process_2024,GOBP_RIBOSE_PHOSPHATE_BIOSYNTHETIC_PROCESS,0.0,98/232,0.1793,26,0.7072,True
7,GO_Biological_Process_2024,GOBP_ATP_METABOLIC_PROCESS,0.0,104/222,0.1793,26,0.7072,True
7,GO_Biological_Process_2024,GOBP_SPERM_EGG_RECOGNITION,0.0,10/51,0.1793,26,0.7072,True
7,GO_Biological_Process_2024,GOBP_GENERATION_OF_PRECURSOR_METABOLITES_AND_ENERGY,0.0,172/476,0.1793,26,0.7072,True
7,GO_Biological_Process_2024,GOBP_RIBONUCLEOPROTEIN_COMPLEX_BIOGENESIS,0.0,187/491,0.1793,26,0.7072,True
7,GO_Molecular_Function_2024,GOMF_STRUCTURAL_CONSTITUENT_OF_RIBOSOME,0.0,128/169,0.1793,26,0.7072,True
7,GO_Molecular_Function_2024,GOMF_PROTEIN_SERINE_KINASE_ACTIVITY,0.0,170/363,0.1793,26,0.7072,True
7,GO_Molecular_Function_2024,GOMF_ATP_DEPENDENT_PROTEIN_FOLDING_CHAPERONE,0.0,22/40,0.1793,26,0.7072,True
7,GO_Molecular_Function_2024,GOMF_STRUCTURAL_CONSTITUENT_OF_CHROMATIN,0.0,12/97,0.1793,26,0.7072,True
7,GO_Molecular_Function_2024,GOMF_OXIDOREDUCTASE_ACTIVITY_ACTING_ON_NAD_P_H,0.0,43/87,0.1793,26,0.7072,True
7,GO_Molecular_Function_2024,GOMF_PRIMARY_ACTIVE_TRANSMEMBRANE_TRANSPORTER_ACTIVITY,0.0,73/166,0.1793,26,0.7072,True
7,GO_Molecular_Function_2024,GOMF_PROTEIN_FOLDING_CHAPERONE,0.0,34/72,0.1793,26,0.7072,True
7,GO_Molecular_Function_2024,GOMF_OXIDOREDUCTASE_ACTIVITY_ACTING_ON_PEROXIDE_AS_ACCEPTOR,0.0,13/59,0.1793,26,0.7072,True
7,GO_Molecular_Function_2024,GOMF_NADH_DEHYDROGENASE_UBIQUINONE_ACTIVITY,0.0,37/41,0.1793,26,0.7072,True
7,GO_Molecular_Function_2024,GOMF_RRNA_BINDING,0.0,34/67,0.1793,26,0.7072,True
2,GO_Biological_Process_2024,GOBP_AEROBIC_RESPIRATION,0.0,104/196,0.25,13,0.5666,True
2,GO_Biological_Process_2024,GOBP_PROTON_MOTIVE_FORCE_DRIVEN_ATP_SYNTHESIS,0.0,61/76,0.25,13,0.5666,True
2,GO_Biological_Process_2024,GOBP_ATP_SYNTHESIS_COUPLED_ELECTRON_TRANSPORT,0.0,72/101,0.25,13,0.5666,True
2,GO_Biological_Process_2024,GOBP_CYTOPLASMIC_TRANSLATION,0.0,108/163,0.25,13,0.5666,True
2,GO_Biological_Process_2024,GOBP_MITOCHONDRIAL_ELECTRON_TRANSPORT_CYTOCHROME_C_TO_OXYGEN,0.0,16/24,0.25,13,0.5666,True
2,GO_Biological_Process_2024,GOBP_ATP_BIOSYNTHETIC_PROCESS,0.0,67/99,0.25,13,0.5666,True
2,GO_Biological_Process_2024,GOBP_OXIDATIVE_PHOSPHORYLATION,0.0,93/147,0.25,13,0.5666,True
2,GO_Biological_Process_2024,GOBP_ANTIBACTERIAL_HUMORAL_RESPONSE,0.0,5/72,0.25,13,0.5666,True
2,GO_Biological_Process_2024,GOBP_MITOCHONDRIAL_ELECTRON_TRANSPORT_NADH_TO_UBIQUINONE,0.0,41/51,0.25,13,0.5666,True
2,GO_Biological_Process_2024,GOBP_NADH_DEHYDROGENASE_COMPLEX_ASSEMBLY,0.0,40/60,0.25,13,0.5666,True
2,GO_Molecular_Function_2024,GOMF_POSTSYNAPTIC_NEUROTRANSMITTER_RECEPTOR_ACTIVITY,0.0,24/70,0.25,13,0.5666,True
2,GO_Molecular_Function_2024,GOMF_EXTRACELLULAR_LIGAND_GATED_MONOATOMIC_ION_CHANNEL_ACTIVITY,0.0,23/73,0.25,13,0.5666,True
2,GO_Molecular_Function_2024,GOMF_NEUROTRANSMITTER_RECEPTOR_ACTIVITY_INVOLVED_IN_REGULATION_OF_POSTSYNAPTIC_MEMBRANE_POTENTIAL,0.0,20/55,0.25,13,0.5666,True
2,GO_Molecular_Function_2024,GOMF_OXIDOREDUCTION_DRIVEN_ACTIVE_TRANSMEMBRANE_TRANSPORTER_ACTIVITY,0.0,57/68,0.25,13,0.5666,True
2,GO_Molecular_Function_2024,GOMF_STRUCTURAL_CONSTITUENT_OF_RIBOSOME,0.0,133/169,0.25,13,0.5666,True
2,GO_Molecular_Function_2024,GOMF_NADH_DEHYDROGENASE_UBIQUINONE_ACTIVITY,0.0,38/41,0.25,13,0.5666,True
2,GO_Molecular_Function_2024,GOMF_OXIDOREDUCTASE_ACTIVITY_ACTING_ON_NAD_P_H_QUINONE_OR_SIMILAR_COMPOUND_AS_ACCEPTOR,0.0,41/58,0.25,13,0.5666,True
2,GO_Molecular_Function_2024,GOMF_PROTON_TRANSMEMBRANE_TRANSPORTER_ACTIVITY,0.0,85/186,0.25,13,0.5666,True
2,GO_Molecular_Function_2024,GOMF_ELECTRON_TRANSFER_ACTIVITY,0.0,65/117,0.25,13,0.5666,True
2,GO_Molecular_Function_2024,GOMF_PRIMARY_ACTIVE_TRANSMEMBRANE_TRANSPORTER_ACTIVITY,0.0,75/166,0.25,13,0.5666,True
14,GO_Biological_Process_2024,GOBP_PROTON_MOTIVE_FORCE_DRIVEN_ATP_SYNTHESIS,0.0,49/76,0.4198,6,0.3596,True
14,GO_Biological_Process_2024,GOBP_OXIDATIVE_PHOSPHORYLATION,0.0,85/147,0.4198,6,0.3596,True
14,GO_Biological_Process_2024,GOBP_ATP_SYNTHESIS_COUPLED_ELECTRON_TRANSPORT,0.0,60/101,0.4198,6,0.3596,True
14,GO_Biological_Process_2024,GOBP_ATP_BIOSYNTHETIC_PROCESS,0.0003949599569641,57/99,0.4198,6,0.3596,True
14,GO_Biological_Process_2024,GOBP_AEROBIC_RESPIRATION,0.0004936999462051,99/196,0.4198,6,0.3596,True
14,GO_Biological_Process_2024,GOBP_MITOCHONDRIAL_ELECTRON_TRANSPORT_NADH_TO_UBIQUINONE,0.0016045248251668,34/51,0.4198,6,0.3596,True
14,GO_Biological_Process_2024,GOBP_CHAPERONE_MEDIATED_PROTEIN_FOLDING,0.0018102331360857,48/76,0.4198,6,0.3596,True
14,GO_Biological_Process_2024,GOBP_PROTEIN_FOLDING,0.0018337426573335,99/227,0.4198,6,0.3596,True
14,GO_Biological_Process_2024,GOBP_ATP_METABOLIC_PROCESS,0.0020845108839774,104/222,0.4198,6,0.3596,True
14,GO_Biological_Process_2024,GOBP_PROTON_TRANSMEMBRANE_TRANSPORT,0.0023697597417849,59/162,0.4198,6,0.3596,True
14,GO_Molecular_Function_2024,GOMF_EXTRACELLULAR_LIGAND_GATED_MONOATOMIC_ION_CHANNEL_ACTIVITY,0.0,13/73,0.4198,6,0.3596,True
14,GO_Molecular_Function_2024,GOMF_NEUROTRANSMITTER_RECEPTOR_ACTIVITY_INVOLVED_IN_REGULATION_OF_POSTSYNAPTIC_MEMBRANE_POTENTIAL,0.0,9/55,0.4198,6,0.3596,True
14,GO_Molecular_Function_2024,GOMF_POSTSYNAPTIC_NEUROTRANSMITTER_RECEPTOR_ACTIVITY,0.0,12/70,0.4198,6,0.3596,True
14,GO_Molecular_Function_2024,GOMF_STRUCTURAL_CONSTITUENT_OF_RIBOSOME,0.0,127/169,0.4198,6,0.3596,True
14,GO_Molecular_Function_2024,GOMF_PROTEIN_FOLDING_CHAPERONE_BINDING,0.0004960433159329,66/133,0.4198,6,0.3596,True
14,GO_Molecular_Function_2024,GOMF_NEUROTRANSMITTER_RECEPTOR_ACTIVITY,0.0005161135069754,15/97,0.4198,6,0.3596,True
14,GO_Molecular_Function_2024,GOMF_NADH_DEHYDROGENASE_UBIQUINONE_ACTIVITY,0.0006613910879105,30/41,0.4198,6,0.3596,True
14,GO_Molecular_Function_2024,GOMF_PRIMARY_ACTIVE_TRANSMEMBRANE_TRANSPORTER_ACTIVITY,0.0007440649738994,69/166,0.4198,6,0.3596,True
14,GO_Molecular_Function_2024,GOMF_PROTON_TRANSMEMBRANE_TRANSPORTER_ACTIVITY,0.0007936693054927,79/186,0.4198,6,0.3596,True
14,GO_Molecular_Function_2024,GOMF_OXIDOREDUCTION_DRIVEN_ACTIVE_TRANSMEMBRANE_TRANSPORTER_ACTIVITY,0.0009920866318658,45/68,0.4198,6,0.3596,True
6,GO_Biological_Process_2024,GOBP_ANTIGEN_PROCESSING_AND_PRESENTATION_OF_PEPTIDE_ANTIGEN_VIA_MHC_CLASS_IB,0.0,4/18,0.2107,18,0.6248,True
6,GO_Biological_Process_2024,GOBP_ANTIGEN_PROCESSING_AND_PRESENTATION_OF_ENDOGENOUS_PEPTIDE_ANTIGEN,0.0013379154752223,6/25,0.2107,18,0.6248,True
6,GO_Biological_Process_2024,GOBP_ANTIGEN_PROCESSING_AND_PRESENTATION_OF_ENDOGENOUS_ANTIGEN,0.0026758309504446,6/32,0.2107,18,0.6248,True
6,GO_Biological_Process_2024,GOBP_MITOCHONDRIAL_ELECTRON_TRANSPORT_CYTOCHROME_C_TO_OXYGEN,0.0039363081806264,13/24,0.2107,18,0.6248,True
6,GO_Biological_Process_2024,GOBP_PROTON_MOTIVE_FORCE_DRIVEN_ATP_SYNTHESIS,0.0072165649978152,54/76,0.2107,18,0.6248,True
6,GO_Biological_Process_2024,GOBP_DETECTION_OF_OTHER_ORGANISM,0.0080274928513339,4/19,0.2107,18,0.6248,True
6,GO_Biological_Process_2024,GOBP_ATP_SYNTHESIS_COUPLED_ELECTRON_TRANSPORT,0.0098407704515662,65/101,0.2107,18,0.6248,True
6,GO_Biological_Process_2024,GOBP_FORMATION_OF_CYTOPLASMIC_TRANSLATION_INITIATION_COMPLEX,0.011070866758012,13/15,0.2107,18,0.6248,True
6,GO_Biological_Process_2024,GOBP_ANTIGEN_PROCESSING_AND_PRESENTATION_VIA_MHC_CLASS_IB,0.0117736561819565,4/25,0.2107,18,0.6248,True
6,GO_Biological_Process_2024,GOBP_PHASIC_SMOOTH_MUSCLE_CONTRACTION,0.0129331829271491,1/24,0.2107,18,0.6248,True
6,GO_Molecular_Function_2024,GOMF_NADH_DEHYDROGENASE_UBIQUINONE_ACTIVITY,0.0097731838482353,32/41,0.2107,18,0.6248,True
6,GO_Molecular_Function_2024,GOMF_OXIDOREDUCTION_DRIVEN_ACTIVE_TRANSMEMBRANE_TRANSPORTER_ACTIVITY,0.0127051390027059,48/68,0.2107,18,0.6248,True
6,GO_Molecular_Function_2024,GOMF_RETINOL_BINDING,0.0283422331598824,2/16,0.2107,18,0.6248,True
6,GO_Molecular_Function_2024,GOMF_PROTON_CHANNEL_ACTIVITY,0.0289286241907765,15/27,0.2107,18,0.6248,True
6,GO_Molecular_Function_2024,GOMF_OXIDOREDUCTASE_ACTIVITY_ACTING_ON_NAD_P_H_QUINONE_OR_SIMILAR_COMPOUND_AS_ACCEPTOR,0.0296860459390148,33/58,0.2107,18,0.6248,True
6,GO_Molecular_Function_2024,GOMF_PROTON_TRANSMEMBRANE_TRANSPORTER_ACTIVITY,0.0301339835320589,91/186,0.2107,18,0.6248,True
6,GO_Molecular_Function_2024,GOMF_ATPASE_COUPLED_ION_TRANSMEMBRANE_TRANSPORTER_ACTIVITY,0.0302968699295295,15/24,0.2107,18,0.6248,True
6,GO_Molecular_Function_2024,GOMF_CHEMOKINE_BINDING,0.0332288250840001,3/33,0.2107,18,0.6248,True
6,GO_Molecular_Function_2024,GOMF_PROTON_TRANSPORTING_ATP_SYNTHASE_ACTIVITY_ROTATIONAL_MECHANISM,0.0351834618536472,14/18,0.2107,18,0.6248,True
6,GO_Molecular_Function_2024,GOMF_STRUCTURAL_CONSTITUENT_OF_SKIN_EPIDERMIS,0.0385063443620472,1/37,0.2107,18,0.6248,True
4,GO_Biological_Process_2024,GOBP_CYTOPLASMIC_TRANSLATION,0.0,102/163,0.1409,18,0.5987,True
4,GO_Biological_Process_2024,GOBP_RIBOSE_PHOSPHATE_BIOSYNTHETIC_PROCESS,0.0,94/232,0.1409,18,0.5987,True
4,GO_Biological_Process_2024,GOBP_SPERM_EGG_RECOGNITION,0.0,10/51,0.1409,18,0.5987,True
4,GO_Biological_Process_2024,GOBP_RIBONUCLEOPROTEIN_COMPLEX_BIOGENESIS,0.0,240/491,0.1409,18,0.5987,True
4,GO_Biological_Process_2024,GOBP_ATP_METABOLIC_PROCESS,0.0,93/222,0.1409,18,0.5987,True
4,GO_Biological_Process_2024,GOBP_RIBOSOMAL_SMALL_SUBUNIT_BIOGENESIS,0.0,64/106,0.1409,18,0.5987,True
4,GO_Biological_Process_2024,GOBP_MITOCHONDRIAL_TRANSLATION,0.0,85/130,0.1409,18,0.5987,True
4,GO_Biological_Process_2024,GOBP_ANTIMICROBIAL_HUMORAL_IMMUNE_RESPONSE_MEDIATED_BY_ANTIMICROBIAL_PEPTIDE,0.0,10/110,0.1409,18,0.5987,True
4,GO_Biological_Process_2024,GOBP_DISRUPTION_OF_ANATOMICAL_STRUCTURE_IN_ANOTHER_ORGANISM,0.0,10/94,0.1409,18,0.5987,True
4,GO_Biological_Process_2024,GOBP_ANTIMICROBIAL_HUMORAL_RESPONSE,0.0,9/161,0.1409,18,0.5987,True
4,GO_Molecular_Function_2024,GOMF_STRUCTURAL_CONSTITUENT_OF_RIBOSOME,0.0,127/169,0.1409,18,0.5987,True
4,GO_Molecular_Function_2024,GOMF_ELECTRON_TRANSFER_ACTIVITY,0.0,72/117,0.1409,18,0.5987,True
4,GO_Molecular_Function_2024,GOMF_PROTON_TRANSMEMBRANE_TRANSPORTER_ACTIVITY,0.0,83/186,0.1409,18,0.5987,True
4,GO_Molecular_Function_2024,GOMF_OXIDOREDUCTION_DRIVEN_ACTIVE_TRANSMEMBRANE_TRANSPORTER_ACTIVITY,0.0,51/68,0.1409,18,0.5987,True
4,GO_Molecular_Function_2024,GOMF_OXIDOREDUCTASE_ACTIVITY_ACTING_ON_NAD_P_H_QUINONE_OR_SIMILAR_COMPOUND_AS_ACCEPTOR,0.0,42/58,0.1409,18,0.5987,True
4,GO_Molecular_Function_2024,GOMF_UNFOLDED_PROTEIN_BINDING,0.0,66/122,0.1409,18,0.5987,True
4,GO_Molecular_Function_2024,GOMF_ANTIOXIDANT_ACTIVITY,0.0,24/85,0.1409,18,0.5987,True
4,GO_Molecular_Function_2024,GOMF_NADH_DEHYDROGENASE_UBIQUINONE_ACTIVITY,0.0,38/41,0.1409,18,0.5987,True
4,GO_Molecular_Function_2024,GOMF_PRIMARY_ACTIVE_TRANSMEMBRANE_TRANSPORTER_ACTIVITY,0.0,74/166,0.1409,18,0.5987,True
4,GO_Molecular_Function_2024,GOMF_OXIDOREDUCTASE_ACTIVITY_ACTING_ON_NAD_P_H,0.0,45/87,0.1409,18,0.5987,True
12,GO_Biological_Process_2024,GOBP_POSITIVE_REGULATION_OF_CYTOPLASMIC_TRANSLATION,0.0358479451148352,11/16,0.8072,7,0.2013,False
12,GO_Biological_Process_2024,GOBP_REGULATION_OF_SYSTEMIC_ARTERIAL_BLOOD_PRESSURE_BY_RENIN_ANGIOTENSIN,0.0391671992921347,5/24,0.8072,7,0.2013,False
12,GO_Biological_Process_2024,GOBP_GAP_JUNCTION_ASSEMBLY,0.0423204907605693,4/18,0.8072,7,0.2013,False
12,GO_Biological_Process_2024,GOBP_REGULATION_OF_ACUTE_INFLAMMATORY_RESPONSE_TO_ANTIGENIC_STIMULUS,0.0451418568112739,3/16,0.8072,7,0.2013,False
12,GO_Biological_Process_2024,GOBP_CATECHOL_CONTAINING_COMPOUND_BIOSYNTHETIC_PROCESS,0.0493905021582174,5/22,0.8072,7,0.2013,False
12,GO_Biological_Process_2024,GOBP_POSITIVE_REGULATION_OF_ACUTE_INFLAMMATORY_RESPONSE,0.0600310826923034,3/28,0.8072,7,0.2013,False
12,GO_Biological_Process_2024,GOBP_PROTEIN_REFOLDING,0.0655220774598932,15/27,0.8072,7,0.2013,False
12,GO_Biological_Process_2024,GOBP_INTEGRIN_ACTIVATION,0.0662744417400811,7/26,0.8072,7,0.2013,False
12,GO_Biological_Process_2024,GOBP_FORMATION_OF_CYTOPLASMIC_TRANSLATION_INITIATION_COMPLEX,0.069081977565047,13/15,0.8072,7,0.2013,False
12,GO_Biological_Process_2024,GOBP_REGULATION_OF_SYSTEMIC_ARTERIAL_BLOOD_PRESSURE_BY_CIRCULATORY_RENIN_ANGIOTENSIN,0.070066438178996,3/18,0.8072,7,0.2013,False
12,GO_Molecular_Function_2024,GOMF_GABA_RECEPTOR_ACTIVITY,0.0,11/22,0.8072,7,0.2013,False
12,GO_Molecular_Function_2024,GOMF_GLUTAMATE_GATED_RECEPTOR_ACTIVITY,0.0,10/16,0.8072,7,0.2013,False
12,GO_Molecular_Function_2024,GOMF_GABA_A_RECEPTOR_ACTIVITY,0.0029539370442167,10/19,0.8072,7,0.2013,False
12,GO_Molecular_Function_2024,GOMF_G_PROTEIN_COUPLED_SEROTONIN_RECEPTOR_ACTIVITY,0.0124065355857103,8/22,0.8072,7,0.2013,False
12,GO_Molecular_Function_2024,GOMF_LIGAND_GATED_MONOATOMIC_ION_CHANNEL_ACTIVITY_INVOLVED_IN_REGULATION_OF_PRESYNAPTIC_MEMBRANE_POTENTIAL,0.0132927166989753,8/16,0.8072,7,0.2013,False
12,GO_Molecular_Function_2024,GOMF_RETINOL_BINDING,0.0327895167854083,2/16,0.8072,7,0.2013,False
12,GO_Molecular_Function_2024,GOMF_OXIDOREDUCTASE_ACTIVITY_ACTING_ON_PEROXIDE_AS_ACCEPTOR,0.0335610348274179,17/59,0.8072,7,0.2013,False
12,GO_Molecular_Function_2024,GOMF_G_PROTEIN_COUPLED_AMINE_RECEPTOR_ACTIVITY,0.0339702760084925,11/40,0.8072,7,0.2013,False
12,GO_Molecular_Function_2024,GOMF_ANTIOXIDANT_ACTIVITY,0.0356827094429444,26/85,0.8072,7,0.2013,False
12,GO_Molecular_Function_2024,GOMF_COMPLEMENT_BINDING,0.036325641144619,5/26,0.8072,7,0.2013,False
18,GO_Biological_Process_2024,GOBP_REGULATION_OF_POSTSYNAPTIC_MEMBRANE_POTENTIAL,0.0,40/148,0.1828,17,0.5635,True
18,GO_Biological_Process_2024,GOBP_SYNAPTIC_TRANSMISSION_GLUTAMATERGIC,0.0054128263978178,40/109,0.1828,17,0.5635,True
18,GO_Biological_Process_2024,GOBP_POSITIVE_REGULATION_OF_SYNAPTIC_TRANSMISSION_GLUTAMATERGIC,0.0290871075115057,13/36,0.1828,17,0.5635,True
18,GO_Biological_Process_2024,GOBP_SYNAPSE_ASSEMBLY,0.0292784700609235,76/216,0.1828,17,0.5635,True
18,GO_Biological_Process_2024,GOBP_CARTILAGE_DEVELOPMENT,0.0293839147310109,54/208,0.1828,17,0.5635,True
18,GO_Biological_Process_2024,GOBP_NEGATIVE_REGULATION_OF_EPITHELIAL_CELL_DIFFERENTIATION,0.0330137676164424,15/55,0.1828,17,0.5635,True
18,GO_Biological_Process_2024,GOBP_REGULATION_OF_STEM_CELL_PROLIFERATION,0.0332970835986974,20/96,0.1828,17,0.5635,True
18,GO_Biological_Process_2024,GOBP_CHEMICAL_SYNAPTIC_TRANSMISSION_POSTSYNAPTIC,0.0335595236664704,27/115,0.1828,17,0.5635,True
18,GO_Biological_Process_2024,GOBP_REGULATION_OF_SYNAPTIC_TRANSMISSION_GLUTAMATERGIC,0.0351833715858157,28/77,0.1828,17,0.5635,True
18,GO_Biological_Process_2024,GOBP_MULTICELLULAR_ORGANISMAL_RESPONSE_TO_STRESS,0.0373977096576503,30/97,0.1828,17,0.5635,True
18,GO_Molecular_Function_2024,GOMF_NEUROTRANSMITTER_RECEPTOR_ACTIVITY,0.0,18/97,0.1828,17,0.5635,True
18,GO_Molecular_Function_2024,GOMF_EXTRACELLULAR_LIGAND_GATED_MONOATOMIC_ION_CHANNEL_ACTIVITY,0.0,15/73,0.1828,17,0.5635,True
18,GO_Molecular_Function_2024,GOMF_POSTSYNAPTIC_NEUROTRANSMITTER_RECEPTOR_ACTIVITY,0.0,15/70,0.1828,17,0.5635,True
18,GO_Molecular_Function_2024,GOMF_NEUROTRANSMITTER_RECEPTOR_ACTIVITY_INVOLVED_IN_REGULATION_OF_POSTSYNAPTIC_MEMBRANE_POTENTIAL,0.0,14/55,0.1828,17,0.5635,True
18,GO_Molecular_Function_2024,GOMF_VOLTAGE_GATED_CALCIUM_CHANNEL_ACTIVITY,0.0048234520127001,18/43,0.1828,17,0.5635,True
18,GO_Molecular_Function_2024,GOMF_LIGAND_GATED_MONOATOMIC_ION_CHANNEL_ACTIVITY_INVOLVED_IN_REGULATION_OF_PRESYNAPTIC_MEMBRANE_POTENTIAL,0.004947130269436,9/16,0.1828,17,0.5635,True
18,GO_Molecular_Function_2024,GOMF_EXCITATORY_EXTRACELLULAR_LIGAND_GATED_MONOATOMIC_ION_CHANNEL_ACTIVITY,0.0141788287186516,2/36,0.1828,17,0.5635,True
18,GO_Molecular_Function_2024,GOMF_GLUTAMATE_GATED_RECEPTOR_ACTIVITY,0.0255086404517797,10/16,0.1828,17,0.5635,True
18,GO_Molecular_Function_2024,GOMF_IMMUNE_RECEPTOR_ACTIVITY,0.0265135262877589,23/152,0.1828,17,0.5635,True
18,GO_Molecular_Function_2024,GOMF_GLUTAMATE_RECEPTOR_ACTIVITY,0.0280337381934711,13/26,0.1828,17,0.5635,True
10,GO_Biological_Process_2024,GOBP_MITOCHONDRIAL_ELECTRON_TRANSPORT_CYTOCHROME_C_TO_OXYGEN,0.0,16/24,0.2572,14,0.5531,True
10,GO_Biological_Process_2024,GOBP_ATP_SYNTHESIS_COUPLED_ELECTRON_TRANSPORT,0.0,72/101,0.2572,14,0.5531,True
10,GO_Biological_Process_2024,GOBP_PROTON_MOTIVE_FORCE_DRIVEN_ATP_SYNTHESIS,0.0,59/76,0.2572,14,0.5531,True
10,GO_Biological_Process_2024,GOBP_CYTOPLASMIC_TRANSLATION,0.0,110/163,0.2572,14,0.5531,True
10,GO_Biological_Process_2024,GOBP_OXIDATIVE_PHOSPHORYLATION,0.0,91/147,0.2572,14,0.5531,True
10,GO_Biological_Process_2024,GOBP_MITOCHONDRIAL_ELECTRON_TRANSPORT_NADH_TO_UBIQUINONE,0.0001656898690428,40/51,0.2572,14,0.5531,True
10,GO_Biological_Process_2024,GOBP_ATP_BIOSYNTHETIC_PROCESS,0.000284039775502,64/99,0.2572,14,0.5531,True
10,GO_Biological_Process_2024,GOBP_ELECTRON_TRANSPORT_CHAIN,0.0011184066160393,74/132,0.2572,14,0.5531,True
10,GO_Biological_Process_2024,GOBP_ANTIGEN_PROCESSING_AND_PRESENTATION_OF_PEPTIDE_ANTIGEN_VIA_MHC_CLASS_IB,0.0027614978173809,4/18,0.2572,14,0.5531,True
10,GO_Biological_Process_2024,GOBP_SPERM_EGG_RECOGNITION,0.0031812454856228,10/51,0.2572,14,0.5531,True
10,GO_Molecular_Function_2024,GOMF_OXIDOREDUCTION_DRIVEN_ACTIVE_TRANSMEMBRANE_TRANSPORTER_ACTIVITY,0.0,54/68,0.2572,14,0.5531,True
10,GO_Molecular_Function_2024,GOMF_NADH_DEHYDROGENASE_UBIQUINONE_ACTIVITY,0.0,37/41,0.2572,14,0.5531,True
10,GO_Molecular_Function_2024,GOMF_STRUCTURAL_CONSTITUENT_OF_RIBOSOME,0.0,122/169,0.2572,14,0.5531,True
10,GO_Molecular_Function_2024,GOMF_ELECTRON_TRANSFER_ACTIVITY,0.0002434125286536,72/117,0.2572,14,0.5531,True
10,GO_Molecular_Function_2024,GOMF_PROTON_CHANNEL_ACTIVITY,0.0004868250573073,13/27,0.2572,14,0.5531,True
10,GO_Molecular_Function_2024,GOMF_OXIDOREDUCTASE_ACTIVITY_ACTING_ON_A_HEME_GROUP_OF_DONORS,0.0005563714940655,12/17,0.2572,14,0.5531,True
10,GO_Molecular_Function_2024,GOMF_OXIDOREDUCTASE_ACTIVITY_ACTING_ON_NAD_P_H_QUINONE_OR_SIMILAR_COMPOUND_AS_ACCEPTOR,0.0005841900687688,39/58,0.2572,14,0.5531,True
10,GO_Molecular_Function_2024,GOMF_PROTON_TRANSMEMBRANE_TRANSPORTER_ACTIVITY,0.0006491000764098,86/186,0.2572,14,0.5531,True
10,GO_Molecular_Function_2024,GOMF_PROTON_TRANSPORTING_ATP_SYNTHASE_ACTIVITY_ROTATIONAL_MECHANISM,0.0008762851031532,13/18,0.2572,14,0.5531,True
10,GO_Molecular_Function_2024,GOMF_STRUCTURAL_CONSTITUENT_OF_SKIN_EPIDERMIS,0.0009736501146147,1/37,0.2572,14,0.5531,True
22,GO_Biological_Process_2024,GOBP_ANTIMICROBIAL_HUMORAL_IMMUNE_RESPONSE_MEDIATED_BY_ANTIMICROBIAL_PEPTIDE,0.0,20/110,0.2879,24,0.4767,True
22,GO_Biological_Process_2024,GOBP_ANTIMICROBIAL_HUMORAL_RESPONSE,0.0,50/161,0.2879,24,0.4767,True
22,GO_Biological_Process_2024,GOBP_DISRUPTION_OF_ANATOMICAL_STRUCTURE_IN_ANOTHER_ORGANISM,0.0,31/94,0.2879,24,0.4767,True
22,GO_Biological_Process_2024,GOBP_RIBOSOMAL_SMALL_SUBUNIT_BIOGENESIS,0.0,25/106,0.2879,24,0.4767,True
22,GO_Biological_Process_2024,GOBP_OXIDATIVE_PHOSPHORYLATION,0.0,75/147,0.2879,24,0.4767,True
22,GO_Biological_Process_2024,GOBP_ATP_SYNTHESIS_COUPLED_ELECTRON_TRANSPORT,0.0,56/101,0.2879,24,0.4767,True
22,GO_Biological_Process_2024,GOBP_DEFENSE_RESPONSE_TO_GRAM_NEGATIVE_BACTERIUM,0.0,18/99,0.2879,24,0.4767,True
22,GO_Biological_Process_2024,GOBP_POSITIVE_REGULATION_OF_ACUTE_INFLAMMATORY_RESPONSE,0.0,13/28,0.2879,24,0.4767,True
22,GO_Biological_Process_2024,GOBP_MITOCHONDRIAL_ELECTRON_TRANSPORT_CYTOCHROME_C_TO_OXYGEN,0.0006092346702176,14/24,0.2879,24,0.4767,True
22,GO_Biological_Process_2024,GOBP_REGULATION_OF_T_HELPER_1_TYPE_IMMUNE_RESPONSE,0.0006769274113529,10/31,0.2879,24,0.4767,True
22,GO_Molecular_Function_2024,GOMF_STRUCTURAL_CONSTITUENT_OF_RIBOSOME,0.0,101/169,0.2879,24,0.4767,True
22,GO_Molecular_Function_2024,GOMF_IMMUNE_RECEPTOR_ACTIVITY,0.0,52/152,0.2879,24,0.4767,True
22,GO_Molecular_Function_2024,GOMF_CHEMOKINE_ACTIVITY,0.0,24/48,0.2879,24,0.4767,True
22,GO_Molecular_Function_2024,GOMF_RRNA_BINDING,0.0,19/67,0.2879,24,0.4767,True
22,GO_Molecular_Function_2024,GOMF_PEPTIDE_ANTIGEN_BINDING,0.0,13/49,0.2879,24,0.4767,True
22,GO_Molecular_Function_2024,GOMF_ANTIGEN_BINDING,0.0003600189483657,27/172,0.2879,24,0.4767,True
22,GO_Molecular_Function_2024,GOMF_OXIDOREDUCTION_DRIVEN_ACTIVE_TRANSMEMBRANE_TRANSPORTER_ACTIVITY,0.0006171753400554,34/68,0.2879,24,0.4767,True
22,GO_Molecular_Function_2024,GOMF_CYTOKINE_ACTIVITY,0.0010800568450971,47/237,0.2879,24,0.4767,True
22,GO_Molecular_Function_2024,GOMF_CHEMOATTRACTANT_ACTIVITY,0.0019201010579504,11/41,0.2879,24,0.4767,True
22,GO_Molecular_Function_2024,GOMF_MHC_PROTEIN_COMPLEX_BINDING,0.0029456095775375,17/37,0.2879,24,0.4767,True
20,GO_Biological_Process_2024,GOBP_ATP_SYNTHESIS_COUPLED_ELECTRON_TRANSPORT,0.0,57/101,0.3415,15,0.5197,True
20,GO_Biological_Process_2024,GOBP_PROTON_MOTIVE_FORCE_DRIVEN_ATP_SYNTHESIS,0.0,46/76,0.3415,15,0.5197,True
20,GO_Biological_Process_2024,GOBP_ATP_BIOSYNTHETIC_PROCESS,0.0,52/99,0.3415,15,0.5197,True
20,GO_Biological_Process_2024,GOBP_ANTIMICROBIAL_HUMORAL_RESPONSE,0.0,14/161,0.3415,15,0.5197,True
20,GO_Biological_Process_2024,GOBP_MITOCHONDRIAL_ELECTRON_TRANSPORT_NADH_TO_UBIQUINONE,0.0,33/51,0.3415,15,0.5197,True
20,GO_Biological_Process_2024,GOBP_ANTIMICROBIAL_HUMORAL_IMMUNE_RESPONSE_MEDIATED_BY_ANTIMICROBIAL_PEPTIDE,0.0,11/110,0.3415,15,0.5197,True
20,GO_Biological_Process_2024,GOBP_KILLING_BY_HOST_OF_SYMBIONT_CELLS,0.0,2/29,0.3415,15,0.5197,True
20,GO_Biological_Process_2024,GOBP_MITOCHONDRIAL_ELECTRON_TRANSPORT_CYTOCHROME_C_TO_OXYGEN,0.0,15/24,0.3415,15,0.5197,True
20,GO_Biological_Process_2024,GOBP_NADH_DEHYDROGENASE_COMPLEX_ASSEMBLY,0.000215988270793,31/60,0.3415,15,0.5197,True
20,GO_Biological_Process_2024,GOBP_SUBSTANTIA_NIGRA_DEVELOPMENT,0.0003887788874275,17/44,0.3415,15,0.5197,True
20,GO_Molecular_Function_2024,GOMF_OXIDOREDUCTION_DRIVEN_ACTIVE_TRANSMEMBRANE_TRANSPORTER_ACTIVITY,0.0,46/68,0.3415,15,0.5197,True
20,GO_Molecular_Function_2024,GOMF_NADH_DEHYDROGENASE_UBIQUINONE_ACTIVITY,0.0,30/41,0.3415,15,0.5197,True
20,GO_Molecular_Function_2024,GOMF_OXIDOREDUCTASE_ACTIVITY_ACTING_ON_NAD_P_H_QUINONE_OR_SIMILAR_COMPOUND_AS_ACCEPTOR,0.0,33/58,0.3415,15,0.5197,True
20,GO_Molecular_Function_2024,GOMF_ELECTRON_TRANSFER_ACTIVITY,0.0,50/117,0.3415,15,0.5197,True
20,GO_Molecular_Function_2024,GOMF_OXIDOREDUCTASE_ACTIVITY_ACTING_ON_A_HEME_GROUP_OF_DONORS,0.0,12/17,0.3415,15,0.5197,True
20,GO_Molecular_Function_2024,GOMF_ANTIOXIDANT_ACTIVITY,0.0,18/85,0.3415,15,0.5197,True
20,GO_Molecular_Function_2024,GOMF_PROTON_CHANNEL_ACTIVITY,0.0,12/27,0.3415,15,0.5197,True
20,GO_Molecular_Function_2024,GOMF_OXIDOREDUCTASE_ACTIVITY_ACTING_ON_NAD_P_H,0.0005814879719611,34/87,0.3415,15,0.5197,True
20,GO_Molecular_Function_2024,GOMF_MHC_CLASS_II_PROTEIN_COMPLEX_BINDING,0.0015506345918963,7/27,0.3415,15,0.5197,True
20,GO_Molecular_Function_2024,GOMF_PROTON_TRANSPORTING_ATP_SYNTHASE_ACTIVITY_ROTATIONAL_MECHANISM,0.0051170941532579,12/18,0.3415,15,0.5197,True
3,GO_Biological_Process_2024,GOBP_OXIDATIVE_PHOSPHORYLATION,0.0,96/147,0.3912,13,0.4608,True
3,GO_Biological_Process_2024,GOBP_ATP_SYNTHESIS_COUPLED_ELECTRON_TRANSPORT,0.0,72/101,0.3912,13,0.4608,True
3,GO_Biological_Process_2024,GOBP_PROTON_MOTIVE_FORCE_DRIVEN_ATP_SYNTHESIS,0.0,60/76,0.3912,13,0.4608,True
3,GO_Biological_Process_2024,GOBP_CYTOPLASMIC_TRANSLATION,0.0,91/163,0.3912,13,0.4608,True
3,GO_Biological_Process_2024,GOBP_ATP_BIOSYNTHETIC_PROCESS,0.0,69/99,0.3912,13,0.4608,True
3,GO_Biological_Process_2024,GOBP_MITOCHONDRIAL_ELECTRON_TRANSPORT_NADH_TO_UBIQUINONE,0.0,41/51,0.3912,13,0.4608,True
3,GO_Biological_Process_2024,GOBP_AEROBIC_RESPIRATION,0.0,106/196,0.3912,13,0.4608,True
3,GO_Biological_Process_2024,GOBP_NUCLEOSIDE_TRIPHOSPHATE_BIOSYNTHETIC_PROCESS,0.0,77/124,0.3912,13,0.4608,True
3,GO_Biological_Process_2024,GOBP_ELECTRON_TRANSPORT_CHAIN,0.0,79/132,0.3912,13,0.4608,True
3,GO_Biological_Process_2024,GOBP_NADH_DEHYDROGENASE_COMPLEX_ASSEMBLY,0.0,39/60,0.3912,13,0.4608,True
3,GO_Molecular_Function_2024,GOMF_STRUCTURAL_CONSTITUENT_OF_RIBOSOME,0.0,123/169,0.3912,13,0.4608,True
3,GO_Molecular_Function_2024,GOMF_PROTEIN_FOLDING_CHAPERONE,0.0,32/72,0.3912,13,0.4608,True
3,GO_Molecular_Function_2024,GOMF_ATP_DEPENDENT_PROTEIN_FOLDING_CHAPERONE,0.0,22/40,0.3912,13,0.4608,True
3,GO_Molecular_Function_2024,GOMF_RRNA_BINDING,0.0,33/67,0.3912,13,0.4608,True
3,GO_Molecular_Function_2024,GOMF_STRUCTURAL_CONSTITUENT_OF_CHROMATIN,0.0,17/97,0.3912,13,0.4608,True
3,GO_Molecular_Function_2024,GOMF_ANTIOXIDANT_ACTIVITY,0.0,23/85,0.3912,13,0.4608,True
3,GO_Molecular_Function_2024,GOMF_OXIDOREDUCTASE_ACTIVITY_ACTING_ON_NAD_P_H,0.0,43/87,0.3912,13,0.4608,True
3,GO_Molecular_Function_2024,GOMF_OXIDOREDUCTASE_ACTIVITY_ACTING_ON_NAD_P_H_QUINONE_OR_SIMILAR_COMPOUND_AS_ACCEPTOR,0.0,42/58,0.3912,13,0.4608,True
3,GO_Molecular_Function_2024,GOMF_NADH_DEHYDROGENASE_UBIQUINONE_ACTIVITY,0.0,38/41,0.3912,13,0.4608,True
3,GO_Molecular_Function_2024,GOMF_PROTON_TRANSMEMBRANE_TRANSPORTER_ACTIVITY,0.0,79/186,0.3912,13,0.4608,True
15,GO_Biological_Process_2024,GOBP_ATP_SYNTHESIS_COUPLED_ELECTRON_TRANSPORT,0.0,75/101,0.9903,1,0.0149,False
15,GO_Biological_Process_2024,GOBP_REGULATION_OF_POSTSYNAPTIC_MEMBRANE_POTENTIAL,0.0,40/148,0.9903,1,0.0149,False
15,GO_Biological_Process_2024,GOBP_CHAPERONE_MEDIATED_PROTEIN_FOLDING,0.0,45/76,0.9903,1,0.0149,False
15,GO_Biological_Process_2024,GOBP_MITOCHONDRIAL_ELECTRON_TRANSPORT_CYTOCHROME_C_TO_OXYGEN,0.0,16/24,0.9903,1,0.0149,False
15,GO_Biological_Process_2024,GOBP_PROTON_TRANSMEMBRANE_TRANSPORT,0.0,54/162,0.9903,1,0.0149,False
15,GO_Biological_Process_2024,GOBP_ATP_METABOLIC_PROCESS,0.0,109/222,0.9903,1,0.0149,False
15,GO_Biological_Process_2024,GOBP_NUCLEOSIDE_TRIPHOSPHATE_BIOSYNTHETIC_PROCESS,0.0,79/124,0.9903,1,0.0149,False
15,GO_Biological_Process_2024,GOBP_MITOCHONDRIAL_ELECTRON_TRANSPORT_NADH_TO_UBIQUINONE,0.0,41/51,0.9903,1,0.0149,False
15,GO_Biological_Process_2024,GOBP_CELLULAR_RESPIRATION,0.0,126/241,0.9903,1,0.0149,False
15,GO_Biological_Process_2024,GOBP_ELECTRON_TRANSPORT_CHAIN,0.0,80/132,0.9903,1,0.0149,False
15,GO_Molecular_Function_2024,GOMF_STRUCTURAL_CONSTITUENT_OF_RIBOSOME,0.0,122/169,0.9903,1,0.0149,False
15,GO_Molecular_Function_2024,GOMF_OXIDOREDUCTION_DRIVEN_ACTIVE_TRANSMEMBRANE_TRANSPORTER_ACTIVITY,0.0,57/68,0.9903,1,0.0149,False
15,GO_Molecular_Function_2024,GOMF_ELECTRON_TRANSFER_ACTIVITY,0.0,68/117,0.9903,1,0.0149,False
15,GO_Molecular_Function_2024,GOMF_PROTON_TRANSMEMBRANE_TRANSPORTER_ACTIVITY,0.0,79/186,0.9903,1,0.0149,False
15,GO_Molecular_Function_2024,GOMF_NADH_DEHYDROGENASE_UBIQUINONE_ACTIVITY,0.0,34/41,0.9903,1,0.0149,False
15,GO_Molecular_Function_2024,GOMF_POSTSYNAPTIC_NEUROTRANSMITTER_RECEPTOR_ACTIVITY,0.0,14/70,0.9903,1,0.0149,False
15,GO_Molecular_Function_2024,GOMF_NEUROTRANSMITTER_RECEPTOR_ACTIVITY,0.0,16/97,0.9903,1,0.0149,False
15,GO_Molecular_Function_2024,GOMF_OXIDOREDUCTASE_ACTIVITY_ACTING_ON_NAD_P_H,0.0,44/87,0.9903,1,0.0149,False
15,GO_Molecular_Function_2024,GOMF_PRIMARY_ACTIVE_TRANSMEMBRANE_TRANSPORTER_ACTIVITY,0.0,70/166,0.9903,1,0.0149,False
15,GO_Molecular_Function_2024,GOMF_OXIDOREDUCTASE_ACTIVITY_ACTING_ON_NAD_P_H_QUINONE_OR_SIMILAR_COMPOUND_AS_ACCEPTOR,0.0,40/58,0.9903,1,0.0149,False
21,GO_Biological_Process_2024,GOBP_CYTOPLASMIC_TRANSLATION,0.0,91/163,0.8488,6,0.1222,False
21,GO_Biological_Process_2024,GOBP_ANTIMICROBIAL_HUMORAL_IMMUNE_RESPONSE_MEDIATED_BY_ANTIMICROBIAL_PEPTIDE,0.0,11/110,0.8488,6,0.1222,False
21,GO_Biological_Process_2024,GOBP_CHAPERONE_MEDIATED_PROTEIN_FOLDING,0.0,26/76,0.8488,6,0.1222,False
21,GO_Biological_Process_2024,GOBP_DE_NOVO_PROTEIN_FOLDING,0.0,17/42,0.8488,6,0.1222,False
21,GO_Biological_Process_2024,GOBP_CHAPERONE_COFACTOR_DEPENDENT_PROTEIN_REFOLDING,0.0,15/32,0.8488,6,0.1222,False
21,GO_Biological_Process_2024,GOBP_PROTEIN_REFOLDING,0.0,14/27,0.8488,6,0.1222,False
21,GO_Biological_Process_2024,GOBP_RIBOSOME_ASSEMBLY,0.0,18/63,0.8488,6,0.1222,False
21,GO_Biological_Process_2024,GOBP_ANTIMICROBIAL_HUMORAL_RESPONSE,0.0,12/161,0.8488,6,0.1222,False
21,GO_Biological_Process_2024,GOBP_RIBOSOMAL_SMALL_SUBUNIT_BIOGENESIS,0.0,24/106,0.8488,6,0.1222,False
21,GO_Biological_Process_2024,GOBP_SPERM_EGG_RECOGNITION,0.0011260625450895,8/51,0.8488,6,0.1222,False
21,GO_Molecular_Function_2024,GOMF_STRUCTURAL_CONSTITUENT_OF_RIBOSOME,0.0,83/169,0.8488,6,0.1222,False
21,GO_Molecular_Function_2024,GOMF_ATP_DEPENDENT_PROTEIN_FOLDING_CHAPERONE,0.0,16/40,0.8488,6,0.1222,False
21,GO_Molecular_Function_2024,GOMF_PROTEIN_FOLDING_CHAPERONE,0.0,23/72,0.8488,6,0.1222,False
21,GO_Molecular_Function_2024,GOMF_UNFOLDED_PROTEIN_BINDING,0.0,33/122,0.8488,6,0.1222,False
21,GO_Molecular_Function_2024,GOMF_RRNA_BINDING,0.0,21/67,0.8488,6,0.1222,False
21,GO_Molecular_Function_2024,GOMF_MHC_CLASS_II_PROTEIN_COMPLEX_BINDING,0.0006834625627489,5/27,0.8488,6,0.1222,False
21,GO_Molecular_Function_2024,GOMF_MHC_PROTEIN_COMPLEX_BINDING,0.0008787375806772,5/37,0.8488,6,0.1222,False
21,GO_Molecular_Function_2024,GOMF_STRUCTURAL_CONSTITUENT_OF_SKIN_EPIDERMIS,0.0012814923051542,4/37,0.8488,6,0.1222,False
21,GO_Molecular_Function_2024,GOMF_ATPASE_REGULATOR_ACTIVITY,0.0328062030119488,12/49,0.8488,6,0.1222,False
21,GO_Molecular_Function_2024,GOMF_STRUCTURAL_CONSTITUENT_OF_CHROMATIN,0.0346287698459459,13/97,0.8488,6,0.1222,False
16,GO_Biological_Process_2024,GOBP_REGULATION_OF_POSTSYNAPTIC_MEMBRANE_POTENTIAL,0.0,56/148,0.3624,10,0.3836,True
16,GO_Biological_Process_2024,GOBP_CYTOPLASMIC_TRANSLATION,0.0,106/163,0.3624,10,0.3836,True
16,GO_Biological_Process_2024,GOBP_SYNAPTIC_TRANSMISSION_GLUTAMATERGIC,0.0,44/109,0.3624,10,0.3836,True
16,GO_Biological_Process_2024,GOBP_OXIDATIVE_PHOSPHORYLATION,0.0,94/147,0.3624,10,0.3836,True
16,GO_Biological_Process_2024,GOBP_ATP_SYNTHESIS_COUPLED_ELECTRON_TRANSPORT,0.0,71/101,0.3624,10,0.3836,True
16,GO_Biological_Process_2024,GOBP_SYNAPSE_ASSEMBLY,0.0,80/216,0.3624,10,0.3836,True
16,GO_Biological_Process_2024,GOBP_AEROBIC_RESPIRATION,0.0,101/196,0.3624,10,0.3836,True
16,GO_Biological_Process_2024,GOBP_RIBOSOME_BIOGENESIS,0.0,195/319,0.3624,10,0.3836,True
16,GO_Biological_Process_2024,GOBP_PROTON_MOTIVE_FORCE_DRIVEN_ATP_SYNTHESIS,0.0,60/76,0.3624,10,0.3836,True
16,GO_Biological_Process_2024,GOBP_MITOCHONDRIAL_ELECTRON_TRANSPORT_NADH_TO_UBIQUINONE,0.0,40/51,0.3624,10,0.3836,True
16,GO_Molecular_Function_2024,GOMF_POSTSYNAPTIC_NEUROTRANSMITTER_RECEPTOR_ACTIVITY,0.0,29/70,0.3624,10,0.3836,True
16,GO_Molecular_Function_2024,GOMF_NADH_DEHYDROGENASE_UBIQUINONE_ACTIVITY,0.0,36/41,0.3624,10,0.3836,True
16,GO_Molecular_Function_2024,GOMF_OXIDOREDUCTASE_ACTIVITY_ACTING_ON_NAD_P_H_QUINONE_OR_SIMILAR_COMPOUND_AS_ACCEPTOR,0.0,40/58,0.3624,10,0.3836,True
16,GO_Molecular_Function_2024,GOMF_ELECTRON_TRANSFER_ACTIVITY,0.0,65/117,0.3624,10,0.3836,True
16,GO_Molecular_Function_2024,GOMF_OXIDOREDUCTION_DRIVEN_ACTIVE_TRANSMEMBRANE_TRANSPORTER_ACTIVITY,0.0,54/68,0.3624,10,0.3836,True
16,GO_Molecular_Function_2024,GOMF_CALCIUM_ION_TRANSMEMBRANE_TRANSPORTER_ACTIVITY,0.0,45/144,0.3624,10,0.3836,True
16,GO_Molecular_Function_2024,GOMF_VOLTAGE_GATED_CHANNEL_ACTIVITY,0.0,60/174,0.3624,10,0.3836,True
16,GO_Molecular_Function_2024,GOMF_UNFOLDED_PROTEIN_BINDING,0.0,57/122,0.3624,10,0.3836,True
16,GO_Molecular_Function_2024,GOMF_STRUCTURAL_CONSTITUENT_OF_RIBOSOME,0.0,129/169,0.3624,10,0.3836,True
16,GO_Molecular_Function_2024,GOMF_GATED_CHANNEL_ACTIVITY,0.0,84/321,0.3624,10,0.3836,True
8,GO_Biological_Process_2024,GOBP_CYTOPLASMIC_TRANSLATION,0.0,110/163,0.3603,9,0.3694,True
8,GO_Biological_Process_2024,GOBP_CELLULAR_RESPIRATION,0.0,115/241,0.3603,9,0.3694,True
8,GO_Biological_Process_2024,GOBP_MITOCHONDRIAL_ELECTRON_TRANSPORT_NADH_TO_UBIQUINONE,0.0,38/51,0.3603,9,0.3694,True
8,GO_Biological_Process_2024,GOBP_RIBOSOME_BIOGENESIS,0.0,165/319,0.3603,9,0.3694,True
8,GO_Biological_Process_2024,GOBP_REGULATION_OF_TRANS_SYNAPTIC_SIGNALING,0.0,181/498,0.3603,9,0.3694,True
8,GO_Biological_Process_2024,GOBP_SYNAPSE_ASSEMBLY,0.0,75/216,0.3603,9,0.3694,True
8,GO_Biological_Process_2024,GOBP_ATP_BIOSYNTHETIC_PROCESS,0.0,70/99,0.3603,9,0.3694,True
8,GO_Biological_Process_2024,GOBP_NADH_DEHYDROGENASE_COMPLEX_ASSEMBLY,0.0,39/60,0.3603,9,0.3694,True
8,GO_Biological_Process_2024,GOBP_AEROBIC_RESPIRATION,0.0,104/196,0.3603,9,0.3694,True
8,GO_Biological_Process_2024,GOBP_PROTON_MOTIVE_FORCE_DRIVEN_ATP_SYNTHESIS,0.0,60/76,0.3603,9,0.3694,True
8,GO_Molecular_Function_2024,GOMF_STRUCTURAL_CONSTITUENT_OF_RIBOSOME,0.0,115/169,0.3603,9,0.3694,True
8,GO_Molecular_Function_2024,GOMF_POTASSIUM_CHANNEL_ACTIVITY,0.0,41/125,0.3603,9,0.3694,True
8,GO_Molecular_Function_2024,GOMF_METAL_ION_TRANSMEMBRANE_TRANSPORTER_ACTIVITY,0.0,133/451,0.3603,9,0.3694,True
8,GO_Molecular_Function_2024,GOMF_VOLTAGE_GATED_POTASSIUM_CHANNEL_ACTIVITY,0.0,38/99,0.3603,9,0.3694,True
8,GO_Molecular_Function_2024,GOMF_MONOATOMIC_CATION_CHANNEL_ACTIVITY,0.0,95/336,0.3603,9,0.3694,True
8,GO_Molecular_Function_2024,GOMF_VOLTAGE_GATED_CALCIUM_CHANNEL_ACTIVITY,0.0,22/43,0.3603,9,0.3694,True
8,GO_Molecular_Function_2024,GOMF_UNFOLDED_PROTEIN_BINDING,0.0,46/122,0.3603,9,0.3694,True
8,GO_Molecular_Function_2024,GOMF_CALCIUM_ION_TRANSMEMBRANE_TRANSPORTER_ACTIVITY,0.0,53/144,0.3603,9,0.3694,True
8,GO_Molecular_Function_2024,GOMF_NADH_DEHYDROGENASE_UBIQUINONE_ACTIVITY,0.0,36/41,0.3603,9,0.3694,True
8,GO_Molecular_Function_2024,GOMF_GATED_CHANNEL_ACTIVITY,0.0,91/321,0.3603,9,0.3694,True
13,GO_Biological_Process_2024,GOBP_OXIDATIVE_PHOSPHORYLATION,0.0,104/147,0.9595,1,0.0572,False
13,GO_Biological_Process_2024,GOBP_CHAPERONE_MEDIATED_PROTEIN_FOLDING,0.0,48/76,0.9595,1,0.0572,False
13,GO_Biological_Process_2024,GOBP_PROTON_TRANSMEMBRANE_TRANSPORT,0.0,59/162,0.9595,1,0.0572,False
13,GO_Biological_Process_2024,GOBP_NUCLEOSIDE_TRIPHOSPHATE_BIOSYNTHETIC_PROCESS,0.0,80/124,0.9595,1,0.0572,False
13,GO_Biological_Process_2024,GOBP_CELLULAR_RESPIRATION,0.0,128/241,0.9595,1,0.0572,False
13,GO_Biological_Process_2024,GOBP_ANTIMICROBIAL_HUMORAL_RESPONSE,0.0,12/161,0.9595,1,0.0572,False
13,GO_Biological_Process_2024,GOBP_MITOCHONDRIAL_ELECTRON_TRANSPORT_NADH_TO_UBIQUINONE,0.0,36/51,0.9595,1,0.0572,False
13,GO_Biological_Process_2024,GOBP_ATP_BIOSYNTHETIC_PROCESS,0.0,74/99,0.9595,1,0.0572,False
13,GO_Biological_Process_2024,GOBP_PROTON_MOTIVE_FORCE_DRIVEN_ATP_SYNTHESIS,0.0,64/76,0.9595,1,0.0572,False
13,GO_Biological_Process_2024,GOBP_AEROBIC_RESPIRATION,0.0,117/196,0.9595,1,0.0572,False
13,GO_Molecular_Function_2024,GOMF_STRUCTURAL_CONSTITUENT_OF_RIBOSOME,0.0,110/169,0.9595,1,0.0572,False
13,GO_Molecular_Function_2024,GOMF_OXIDOREDUCTION_DRIVEN_ACTIVE_TRANSMEMBRANE_TRANSPORTER_ACTIVITY,0.0,52/68,0.9595,1,0.0572,False
13,GO_Molecular_Function_2024,GOMF_PROTON_TRANSMEMBRANE_TRANSPORTER_ACTIVITY,0.0,79/186,0.9595,1,0.0572,False
13,GO_Molecular_Function_2024,GOMF_ELECTRON_TRANSFER_ACTIVITY,0.0,62/117,0.9595,1,0.0572,False
13,GO_Molecular_Function_2024,GOMF_PRIMARY_ACTIVE_TRANSMEMBRANE_TRANSPORTER_ACTIVITY,0.0,70/166,0.9595,1,0.0572,False
13,GO_Molecular_Function_2024,GOMF_UNFOLDED_PROTEIN_BINDING,0.0,61/122,0.9595,1,0.0572,False
13,GO_Molecular_Function_2024,GOMF_OXIDOREDUCTASE_ACTIVITY_ACTING_ON_NAD_P_H,0.0,46/87,0.9595,1,0.0572,False
13,GO_Molecular_Function_2024,GOMF_NADH_DEHYDROGENASE_UBIQUINONE_ACTIVITY,0.0,34/41,0.9595,1,0.0572,False
13,GO_Molecular_Function_2024,GOMF_OXIDOREDUCTASE_ACTIVITY_ACTING_ON_NAD_P_H_QUINONE_OR_SIMILAR_COMPOUND_AS_ACCEPTOR,0.0,41/58,0.9595,1,0.0572,False
13,GO_Molecular_Function_2024,GOMF_ATP_DEPENDENT_PROTEIN_FOLDING_CHAPERONE,0.0001030749474269,22/40,0.9595,1,0.0572,False
24,GO_Biological_Process_2024,GOBP_ATP_SYNTHESIS_COUPLED_ELECTRON_TRANSPORT,0.0,50/101,1.0,1,-0.0,False
24,GO_Biological_Process_2024,GOBP_CYTOPLASMIC_TRANSLATION,0.0,78/163,1.0,1,-0.0,False
24,GO_Biological_Process_2024,GOBP_OXIDATIVE_PHOSPHORYLATION,0.0,65/147,1.0,1,-0.0,False
24,GO_Biological_Process_2024,GOBP_AEROBIC_RESPIRATION,0.0,67/196,1.0,1,-0.0,False
24,GO_Biological_Process_2024,GOBP_ELECTRON_TRANSPORT_CHAIN,0.0,56/132,1.0,1,-0.0,False
24,GO_Biological_Process_2024,GOBP_PROTON_MOTIVE_FORCE_DRIVEN_ATP_SYNTHESIS,0.0,40/76,1.0,1,-0.0,False
24,GO_Biological_Process_2024,GOBP_MITOCHONDRIAL_ELECTRON_TRANSPORT_NADH_TO_UBIQUINONE,0.0,27/51,1.0,1,-0.0,False
24,GO_Biological_Process_2024,GOBP_MITOCHONDRIAL_ELECTRON_TRANSPORT_CYTOCHROME_C_TO_OXYGEN,0.0,14/24,1.0,1,-0.0,False
24,GO_Biological_Process_2024,GOBP_ATP_BIOSYNTHETIC_PROCESS,8.224226025358788e-05,44/99,1.0,1,-0.0,False
24,GO_Biological_Process_2024,GOBP_ANTIMICROBIAL_HUMORAL_IMMUNE_RESPONSE_MEDIATED_BY_ANTIMICROBIAL_PEPTIDE,0.0001480360684564,6/110,1.0,1,-0.0,False
24,GO_Molecular_Function_2024,GOMF_STRUCTURAL_CONSTITUENT_OF_RIBOSOME,0.0,80/169,1.0,1,-0.0,False
24,GO_Molecular_Function_2024,GOMF_OXIDOREDUCTASE_ACTIVITY_ACTING_ON_NAD_P_H_QUINONE_OR_SIMILAR_COMPOUND_AS_ACCEPTOR,0.0,26/58,1.0,1,-0.0,False
24,GO_Molecular_Function_2024,GOMF_PROTON_TRANSMEMBRANE_TRANSPORTER_ACTIVITY,0.0,53/186,1.0,1,-0.0,False
24,GO_Molecular_Function_2024,GOMF_OXIDOREDUCTASE_ACTIVITY_ACTING_ON_NAD_P_H,0.0,27/87,1.0,1,-0.0,False
24,GO_Molecular_Function_2024,GOMF_PROTON_CHANNEL_ACTIVITY,0.0,10/27,1.0,1,-0.0,False
24,GO_Molecular_Function_2024,GOMF_NADH_DEHYDROGENASE_UBIQUINONE_ACTIVITY,0.0,26/41,1.0,1,-0.0,False
24,GO_Molecular_Function_2024,GOMF_ELECTRON_TRANSFER_ACTIVITY,0.0,49/117,1.0,1,-0.0,False
24,GO_Molecular_Function_2024,GOMF_OXIDOREDUCTION_DRIVEN_ACTIVE_TRANSMEMBRANE_TRANSPORTER_ACTIVITY,0.0,41/68,1.0,1,-0.0,False
24,GO_Molecular_Function_2024,GOMF_RRNA_BINDING,0.0,17/67,1.0,1,-0.0,False
24,GO_Molecular_Function_2024,GOMF_OXIDOREDUCTASE_ACTIVITY_ACTING_ON_A_HEME_GROUP_OF_DONORS,0.0004956629491945,11/17,1.0,1,-0.0,False
23,GO_Biological_Process_2024,GOBP_OXIDATIVE_PHOSPHORYLATION,0.0,87/147,0.8542,2,0.0842,False
23,GO_Biological_Process_2024,GOBP_RIBOSE_PHOSPHATE_BIOSYNTHETIC_PROCESS,0.0,83/232,0.8542,2,0.0842,False
23,GO_Biological_Process_2024,GOBP_HYDROGEN_PEROXIDE_METABOLIC_PROCESS,0.0,15/55,0.8542,2,0.0842,False
23,GO_Biological_Process_2024,GOBP_MITOCHONDRIAL_ELECTRON_TRANSPORT_CYTOCHROME_C_TO_OXYGEN,0.0,17/24,0.8542,2,0.0842,False
23,GO_Biological_Process_2024,GOBP_NADH_DEHYDROGENASE_COMPLEX_ASSEMBLY,0.0,39/60,0.8542,2,0.0842,False
23,GO_Biological_Process_2024,GOBP_ANTIMICROBIAL_HUMORAL_IMMUNE_RESPONSE_MEDIATED_BY_ANTIMICROBIAL_PEPTIDE,0.0,13/110,0.8542,2,0.0842,False
23,GO_Biological_Process_2024,GOBP_MITOCHONDRIAL_RESPIRATORY_CHAIN_COMPLEX_ASSEMBLY,0.0,58/101,0.8542,2,0.0842,False
23,GO_Biological_Process_2024,GOBP_ENERGY_DERIVATION_BY_OXIDATION_OF_ORGANIC_COMPOUNDS,0.0,121/344,0.8542,2,0.0842,False
23,GO_Biological_Process_2024,GOBP_CELLULAR_OXIDANT_DETOXIFICATION,0.0,35/98,0.8542,2,0.0842,False
23,GO_Biological_Process_2024,GOBP_PROTON_TRANSMEMBRANE_TRANSPORT,0.0,55/162,0.8542,2,0.0842,False
23,GO_Molecular_Function_2024,GOMF_STRUCTURAL_CONSTITUENT_OF_RIBOSOME,0.0,114/169,0.8542,2,0.0842,False
23,GO_Molecular_Function_2024,GOMF_PROTON_TRANSMEMBRANE_TRANSPORTER_ACTIVITY,0.0,78/186,0.8542,2,0.0842,False
23,GO_Molecular_Function_2024,GOMF_ELECTRON_TRANSFER_ACTIVITY,0.0,69/117,0.8542,2,0.0842,False
23,GO_Molecular_Function_2024,GOMF_OXIDOREDUCTION_DRIVEN_ACTIVE_TRANSMEMBRANE_TRANSPORTER_ACTIVITY,0.0,52/68,0.8542,2,0.0842,False
23,GO_Molecular_Function_2024,GOMF_ANTIOXIDANT_ACTIVITY,0.0,33/85,0.8542,2,0.0842,False
23,GO_Molecular_Function_2024,GOMF_OXIDOREDUCTASE_ACTIVITY_ACTING_ON_PEROXIDE_AS_ACCEPTOR,0.0,24/59,0.8542,2,0.0842,False
23,GO_Molecular_Function_2024,GOMF_NADH_DEHYDROGENASE_UBIQUINONE_ACTIVITY,0.0,32/41,0.8542,2,0.0842,False
23,GO_Molecular_Function_2024,GOMF_OXIDOREDUCTASE_ACTIVITY_ACTING_ON_NAD_P_H_QUINONE_OR_SIMILAR_COMPOUND_AS_ACCEPTOR,0.0,36/58,0.8542,2,0.0842,False
23,GO_Molecular_Function_2024,GOMF_OXYGEN_BINDING,0.0,4/34,0.8542,2,0.0842,False
23,GO_Molecular_Function_2024,GOMF_OXIDOREDUCTASE_ACTIVITY_ACTING_ON_NAD_P_H,0.0,40/87,0.8542,2,0.0842,False
19,GO_Biological_Process_2024,GOBP_AEROBIC_RESPIRATION,0.0,128/196,0.9467,4,0.054,False
19,GO_Biological_Process_2024,GOBP_NUCLEOSIDE_TRIPHOSPHATE_METABOLIC_PROCESS,0.0,122/269,0.9467,4,0.054,False
19,GO_Biological_Process_2024,GOBP_ATP_METABOLIC_PROCESS,0.0,108/222,0.9467,4,0.054,False
19,GO_Biological_Process_2024,GOBP_NUCLEOSIDE_PHOSPHATE_BIOSYNTHETIC_PROCESS,0.0,125/292,0.9467,4,0.054,False
19,GO_Biological_Process_2024,GOBP_MITOCHONDRIAL_ELECTRON_TRANSPORT_CYTOCHROME_C_TO_OXYGEN,0.0,16/24,0.9467,4,0.054,False
19,GO_Biological_Process_2024,GOBP_ANTIMICROBIAL_HUMORAL_RESPONSE,0.0,9/161,0.9467,4,0.054,False
19,GO_Biological_Process_2024,GOBP_ANTIMICROBIAL_HUMORAL_IMMUNE_RESPONSE_MEDIATED_BY_ANTIMICROBIAL_PEPTIDE,0.0,7/110,0.9467,4,0.054,False
19,GO_Biological_Process_2024,GOBP_RIBOSE_PHOSPHATE_BIOSYNTHETIC_PROCESS,0.0,118/232,0.9467,4,0.054,False
19,GO_Biological_Process_2024,GOBP_GENERATION_OF_PRECURSOR_METABOLITES_AND_ENERGY,0.0,201/476,0.9467,4,0.054,False
19,GO_Biological_Process_2024,GOBP_NADH_DEHYDROGENASE_COMPLEX_ASSEMBLY,0.0,38/60,0.9467,4,0.054,False
19,GO_Molecular_Function_2024,GOMF_STRUCTURAL_CONSTITUENT_OF_RIBOSOME,0.0,134/169,0.9467,4,0.054,False
19,GO_Molecular_Function_2024,GOMF_PROTON_TRANSMEMBRANE_TRANSPORTER_ACTIVITY,0.0,86/186,0.9467,4,0.054,False
19,GO_Molecular_Function_2024,GOMF_ELECTRON_TRANSFER_ACTIVITY,0.0,70/117,0.9467,4,0.054,False
19,GO_Molecular_Function_2024,GOMF_OXIDOREDUCTION_DRIVEN_ACTIVE_TRANSMEMBRANE_TRANSPORTER_ACTIVITY,0.0,56/68,0.9467,4,0.054,False
19,GO_Molecular_Function_2024,GOMF_OXIDOREDUCTASE_ACTIVITY_ACTING_ON_NAD_P_H_QUINONE_OR_SIMILAR_COMPOUND_AS_ACCEPTOR,0.0,40/58,0.9467,4,0.054,False
19,GO_Molecular_Function_2024,GOMF_PRIMARY_ACTIVE_TRANSMEMBRANE_TRANSPORTER_ACTIVITY,0.0,68/166,0.9467,4,0.054,False
19,GO_Molecular_Function_2024,GOMF_NADH_DEHYDROGENASE_UBIQUINONE_ACTIVITY,0.0,38/41,0.9467,4,0.054,False
19,GO_Molecular_Function_2024,GOMF_OXIDOREDUCTASE_ACTIVITY_ACTING_ON_NAD_P_H,0.0,40/87,0.9467,4,0.054,False
19,GO_Molecular_Function_2024,GOMF_RRNA_BINDING,0.0,35/67,0.9467,4,0.054,False
19,GO_Molecular_Function_2024,GOMF_ANTIOXIDANT_ACTIVITY,0.0,25/85,0.9467,4,0.054,False
